"Timestamp","Source","Category","Type","Name","Path","Value","Severity","Confidence"
"2026-06-05 15:50:34","SystemContext","SystemInformation","ComputerName","Computer Name","","ITSME","Info","High"
"2026-06-05 15:50:34","SystemContext","SystemInformation","Username","Username","","ItsMe","Info","High"
"2026-06-05 15:50:34","SystemContext","SystemInformation","WindowsVersion","Windows Version","","Microsoft Windows 11 Home","Info","High"
"2026-06-05 15:50:34","SystemContext","SystemInformation","BuildNumber","Build Number","","26200","Info","High"
"2026-06-05 15:50:34","SystemContext","SystemInformation","RAM","Installed RAM","","15.59 GB","Info","High"
"2026-06-05 15:50:35","SystemContext","SystemInformation","CPU","CPU Model","","AMD Ryzen 5 7600X 6-Core Processor             ","Info","High"
"2026-06-05 15:50:35","SystemContext","SystemInformation","GPU","GPU Model","","AMD Radeon RX 7600","Info","High"
"2026-06-05 15:50:35","SystemContext","SystemInformation","PowerShellVersion","PowerShell Version","","7.6.2","Info","High"
"2026-06-05 15:50:35","SystemContext","SystemInformation","ExecutionPolicy","Execution Policy","","RemoteSigned","Info","High"
"2026-06-05 15:50:35","BAM","ExecutionArtifact","BAM","\Device\HarddiskVolume3\Windows\System32\oobe\FirstLogonAnim.exe","\Device\HarddiskVolume3\Windows\System32\oobe\FirstLogonAnim.exe","2025-07-11 17:38:46","Info","Medium"
"2026-06-05 15:50:35","BAM","ExecutionArtifact","BAM","\Device\HarddiskVolume3\Windows\explorer.exe","\Device\HarddiskVolume3\Windows\explorer.exe","2025-07-11 19:03:10","Info","Medium"
"2026-06-05 15:50:35","BAM","ExecutionArtifact","BAM","\Device\HarddiskVolume3\Windows\System32\conhost.exe","\Device\HarddiskVolume3\Windows\System32\conhost.exe","2025-07-11 19:03:10","Info","Medium"
"2026-06-05 15:50:35","BAM","ExecutionArtifact","BAM","\Device\HarddiskVolume3\Windows\System32\tzsync.exe","\Device\HarddiskVolume3\Windows\System32\tzsync.exe","2025-07-11 17:37:17","Info","Medium"
"2026-06-05 15:50:35","BAM","ExecutionArtifact","BAM","Microsoft.Windows.StartMenuExperienceHost_cw5n1h2txyewy","Microsoft.Windows.StartMenuExperienceHost_cw5n1h2txyewy","2025-07-11 19:03:10","Info","Medium"
"2026-06-05 15:50:35","BAM","ExecutionArtifact","BAM","MicrosoftWindows.Client.CBS_cw5n1h2txyewy","MicrosoftWindows.Client.CBS_cw5n1h2txyewy","2025-07-11 19:03:10","Info","Medium"
"2026-06-05 15:50:35","BAM","ExecutionArtifact","BAM","\Device\HarddiskVolume3\Users\Bruhs\AppData\Local\Temp\GUMCDD.tmp\BraveUpdate.exe","\Device\HarddiskVolume3\Users\Bruhs\AppData\Local\Temp\GUMCDD.tmp\BraveUpdate.exe","2025-07-11 17:39:27","Info","Medium"
"2026-06-05 15:50:35","BAM","ExecutionArtifact","BAM","\Device\HarddiskVolume3\Windows\System32\dllhost.exe","\Device\HarddiskVolume3\Windows\System32\dllhost.exe","2025-07-11 19:03:10","Info","Medium"
"2026-06-05 15:50:35","BAM","ExecutionArtifact","BAM","\Device\HarddiskVolume3\Users\Bruhs\AppData\Local\BraveSoftware\Update\BraveUpdate.exe","\Device\HarddiskVolume3\Users\Bruhs\AppData\Local\BraveSoftware\Update\BraveUpdate.exe","2025-07-11 18:44:12","Info","Medium"
"2026-06-05 15:50:35","BAM","ExecutionArtifact","BAM","\Device\HarddiskVolume3\Windows\System32\cmd.exe","\Device\HarddiskVolume3\Windows\System32\cmd.exe","2025-07-11 18:55:28","Info","Medium"
"2026-06-05 15:50:35","BAM","ExecutionArtifact","BAM","\Device\HarddiskVolume3\Users\Bruhs\AppData\Local\BraveSoftware\Brave-Browser\Application\brave.exe","\Device\HarddiskVolume3\Users\Bruhs\AppData\Local\BraveSoftware\Brave-Browser\Application\brave.exe","2025-07-11 19:03:10","Info","Medium"
"2026-06-05 15:50:35","BAM","ExecutionArtifact","BAM","\Device\HarddiskVolume3\Windows\System32\ApplicationFrameHost.exe","\Device\HarddiskVolume3\Windows\System32\ApplicationFrameHost.exe","2025-07-11 19:03:10","Info","Medium"
"2026-06-05 15:50:35","BAM","ExecutionArtifact","BAM","windows.immersivecontrolpanel_cw5n1h2txyewy","windows.immersivecontrolpanel_cw5n1h2txyewy","2025-07-11 18:58:35","Info","Medium"
"2026-06-05 15:50:35","BAM","ExecutionArtifact","BAM","\Device\HarddiskVolume3\Windows\System32\SystemPropertiesPerformance.exe","\Device\HarddiskVolume3\Windows\System32\SystemPropertiesPerformance.exe","2025-07-11 17:40:50","Info","Medium"
"2026-06-05 15:50:35","BAM","ExecutionArtifact","BAM","\Device\HarddiskVolume3\Windows\System32\WindowsPowerShell\v1.0\powershell.exe","\Device\HarddiskVolume3\Windows\System32\WindowsPowerShell\v1.0\powershell.exe","2025-07-11 18:32:23","Info","Medium"
"2026-06-05 15:50:35","BAM","ExecutionArtifact","BAM","Microsoft.Windows.ShellExperienceHost_cw5n1h2txyewy","Microsoft.Windows.ShellExperienceHost_cw5n1h2txyewy","2025-07-11 19:03:10","Info","Medium"
"2026-06-05 15:50:35","BAM","ExecutionArtifact","BAM","Microsoft.WindowsTerminal_8wekyb3d8bbwe","Microsoft.WindowsTerminal_8wekyb3d8bbwe","2025-07-11 18:56:59","Info","Medium"
"2026-06-05 15:50:35","BAM","ExecutionArtifact","BAM","\Device\HarddiskVolume3\Users\Bruhs\OneDrive\Desktop\UnparkCpu.exe","\Device\HarddiskVolume3\Users\Bruhs\OneDrive\Desktop\UnparkCpu.exe","2025-07-11 17:53:19","Info","Medium"
"2026-06-05 15:50:35","BAM","ExecutionArtifact","BAM","\Device\HarddiskVolume3\Windows\System32\CredentialUIBroker.exe","\Device\HarddiskVolume3\Windows\System32\CredentialUIBroker.exe","2025-07-11 17:45:24","Info","Medium"
"2026-06-05 15:50:35","BAM","ExecutionArtifact","BAM","\Device\HarddiskVolume3\Windows\System32\taskkill.exe","\Device\HarddiskVolume3\Windows\System32\taskkill.exe","2025-07-11 18:49:55","Info","Medium"
"2026-06-05 15:50:35","BAM","ExecutionArtifact","BAM","\Device\HarddiskVolume3\Windows\System32\rundll32.exe","\Device\HarddiskVolume3\Windows\System32\rundll32.exe","2025-07-11 19:03:10","Info","Medium"
"2026-06-05 15:50:35","BAM","ExecutionArtifact","BAM","\Device\HarddiskVolume3\Windows\System32\Taskmgr.exe","\Device\HarddiskVolume3\Windows\System32\Taskmgr.exe","2025-07-11 18:56:03","Info","Medium"
"2026-06-05 15:50:35","BAM","ExecutionArtifact","BAM","\Device\HarddiskVolume3\Program Files\Microsoft OneDrive\OneDrive.exe","\Device\HarddiskVolume3\Program Files\Microsoft OneDrive\OneDrive.exe","2025-07-11 18:28:31","Info","Medium"
"2026-06-05 15:50:35","BAM","ExecutionArtifact","BAM","\Device\HarddiskVolume3\Users\Bruhs\Downloads\Bloxstrap-v2.9.0.exe","\Device\HarddiskVolume3\Users\Bruhs\Downloads\Bloxstrap-v2.9.0.exe","2025-07-11 18:49:53","Info","Medium"
"2026-06-05 15:50:35","BAM","ExecutionArtifact","BAM","\Device\HarddiskVolume3\Users\Bruhs\AppData\Local\Temp\{8807A0FE-BCD3-48AE-8C63-27081EAB1A52}\.cr\windowsdesktop-runtime-6.0.36-win-x64 (2).exe","\Device\HarddiskVolume3\Users\Bruhs\AppData\Local\Temp\{8807A0FE-BCD3-48AE-8C63-27081EAB1A52}\.cr\windowsdesktop-runtime-6.0.36-win-x64 (2).exe","2025-07-11 18:06:37","Info","Medium"
"2026-06-05 15:50:35","BAM","ExecutionArtifact","BAM","\Device\HarddiskVolume3\Users\Bruhs\AppData\Local\Temp\{D27A6197-58DA-47E4-96C5-1DC9F95AFD39}\.be\windowsdesktop-runtime-6.0.36-win-x64.exe","\Device\HarddiskVolume3\Users\Bruhs\AppData\Local\Temp\{D27A6197-58DA-47E4-96C5-1DC9F95AFD39}\.be\windowsdesktop-runtime-6.0.36-win-x64.exe","2025-07-11 18:06:37","Info","Medium"
"2026-06-05 15:50:35","BAM","ExecutionArtifact","BAM","\Device\HarddiskVolume3\Users\Bruhs\Downloads\RobloxPlayerInstaller-QCC4DP3HYY.exe","\Device\HarddiskVolume3\Users\Bruhs\Downloads\RobloxPlayerInstaller-QCC4DP3HYY.exe","2025-07-11 18:07:08","Info","Medium"
"2026-06-05 15:50:35","BAM","ExecutionArtifact","BAM","\Device\HarddiskVolume3\Program Files (x86)\Microsoft\Temp\EU7C85.tmp\MicrosoftEdgeUpdate.exe","\Device\HarddiskVolume3\Program Files (x86)\Microsoft\Temp\EU7C85.tmp\MicrosoftEdgeUpdate.exe","2025-07-11 18:07:05","Info","Medium"
"2026-06-05 15:50:35","BAM","ExecutionArtifact","BAM","\Device\HarddiskVolume3\Users\Bruhs\AppData\Local\Roblox\Versions\version-765338e04cf54fde\RobloxPlayerBeta.exe","\Device\HarddiskVolume3\Users\Bruhs\AppData\Local\Roblox\Versions\version-765338e04cf54fde\RobloxPlayerBeta.exe","2025-07-11 18:07:12","Info","Medium"
"2026-06-05 15:50:35","BAM","ExecutionArtifact","BAM","\Device\HarddiskVolume3\Users\Bruhs\AppData\Local\Bloxstrap\Bloxstrap.exe","\Device\HarddiskVolume3\Users\Bruhs\AppData\Local\Bloxstrap\Bloxstrap.exe","2025-07-11 18:46:36","Info","Medium"
"2026-06-05 15:50:35","BAM","ExecutionArtifact","BAM","\Device\HarddiskVolume3\Users\Bruhs\AppData\Local\Bloxstrap\Versions\version-765338e04cf54fde\RobloxPlayerBeta.exe","\Device\HarddiskVolume3\Users\Bruhs\AppData\Local\Bloxstrap\Versions\version-765338e04cf54fde\RobloxPlayerBeta.exe","2025-07-11 18:46:35","Info","Medium"
"2026-06-05 15:50:35","BAM","ExecutionArtifact","BAM","\Device\HarddiskVolume3\Users\Bruhs\Downloads\VencordInstaller.exe","\Device\HarddiskVolume3\Users\Bruhs\Downloads\VencordInstaller.exe","2025-07-11 18:14:59","Info","Medium"
"2026-06-05 15:50:35","BAM","ExecutionArtifact","BAM","\Device\HarddiskVolume3\Users\Bruhs\AppData\Local\SquirrelTemp\Update.exe","\Device\HarddiskVolume3\Users\Bruhs\AppData\Local\SquirrelTemp\Update.exe","2025-07-11 18:12:33","Info","Medium"
"2026-06-05 15:50:35","BAM","ExecutionArtifact","BAM","\Device\HarddiskVolume3\Users\Bruhs\AppData\Local\Discord\app-1.0.9197\Discord.exe","\Device\HarddiskVolume3\Users\Bruhs\AppData\Local\Discord\app-1.0.9197\Discord.exe","2025-07-11 18:15:15","Info","Medium"
"2026-06-05 15:50:35","BAM","ExecutionArtifact","BAM","\Device\HarddiskVolume3\Users\Bruhs\AppData\Local\Medal\app-4.2812.0\Medal.exe","\Device\HarddiskVolume3\Users\Bruhs\AppData\Local\Medal\app-4.2812.0\Medal.exe","2025-07-11 18:44:46","Info","Medium"
"2026-06-05 15:50:35","BAM","ExecutionArtifact","BAM","\Device\HarddiskVolume3\Users\Bruhs\AppData\Local\Discord\app-1.0.9199\Discord.exe","\Device\HarddiskVolume3\Users\Bruhs\AppData\Local\Discord\app-1.0.9199\Discord.exe","2025-07-11 19:03:10","Info","Medium"
"2026-06-05 15:50:35","BAM","ExecutionArtifact","BAM","\Device\HarddiskVolume3\Windows\System32\PickerHost.exe","\Device\HarddiskVolume3\Windows\System32\PickerHost.exe","2025-07-11 18:24:43","Info","Medium"
"2026-06-05 15:50:35","BAM","ExecutionArtifact","BAM","\Device\HarddiskVolume3\Windows\System32\DataExchangeHost.exe","\Device\HarddiskVolume3\Windows\System32\DataExchangeHost.exe","2025-07-11 19:03:10","Info","Medium"
"2026-06-05 15:50:35","BAM","ExecutionArtifact","BAM","\Device\HarddiskVolume3\Program Files\AMD\AMDInstallManager\AMDInstallManager.exe","\Device\HarddiskVolume3\Program Files\AMD\AMDInstallManager\AMDInstallManager.exe","2025-07-11 19:03:05","Info","Medium"
"2026-06-05 15:50:35","BAM","ExecutionArtifact","BAM","\Device\HarddiskVolume3\Users\Bruhs\AppData\Local\Temp\{3C985D91-6AED-4248-99FE-F839BD7B1809}\amd_ryzen_master.exe","\Device\HarddiskVolume3\Users\Bruhs\AppData\Local\Temp\{3C985D91-6AED-4248-99FE-F839BD7B1809}\amd_ryzen_master.exe","2025-07-11 18:30:32","Info","Medium"
"2026-06-05 15:50:35","BAM","ExecutionArtifact","BAM","\Device\HarddiskVolume3\Windows\System32\msiexec.exe","\Device\HarddiskVolume3\Windows\System32\msiexec.exe","2025-07-11 18:31:09","Info","Medium"
"2026-06-05 15:50:35","BAM","ExecutionArtifact","BAM","\Device\HarddiskVolume3\AMD\RyzenMasterExtract\MSIFiles\Qt_Dependancies\Setup.exe","\Device\HarddiskVolume3\AMD\RyzenMasterExtract\MSIFiles\Qt_Dependancies\Setup.exe","2025-07-11 18:31:14","Info","Medium"
"2026-06-05 15:50:35","BAM","ExecutionArtifact","BAM","\Device\HarddiskVolume3\Program Files\AMD\RyzenMaster\bin\AMD Ryzen Master.exe","\Device\HarddiskVolume3\Program Files\AMD\RyzenMaster\bin\AMD Ryzen Master.exe","2025-07-11 18:33:28","Info","Medium"
"2026-06-05 15:50:35","BAM","ExecutionArtifact","BAM","\Device\HarddiskVolume3\Users\Bruhs\Downloads\amd-software-adrenalin-edition-25.6.1-minimalsetup-250602_web (6).exe","\Device\HarddiskVolume3\Users\Bruhs\Downloads\amd-software-adrenalin-edition-25.6.1-minimalsetup-250602_web (6).exe","2025-07-11 18:33:24","Info","Medium"
"2026-06-05 15:50:35","BAM","ExecutionArtifact","BAM","\Device\HarddiskVolume3\AMD\AMD-Software-Installer\Bin64\AMDSoftwareInstaller.exe","\Device\HarddiskVolume3\AMD\AMD-Software-Installer\Bin64\AMDSoftwareInstaller.exe","2025-07-11 19:03:03","Info","Medium"
"2026-06-05 15:50:35","BAM","ExecutionArtifact","BAM","\Device\HarddiskVolume3\Windows\System32\ShellHost.exe","\Device\HarddiskVolume3\Windows\System32\ShellHost.exe","2025-07-11 19:03:10","Info","Medium"
"2026-06-05 15:50:35","BAM","ExecutionArtifact","BAM","\Device\HarddiskVolume3\Program Files\Bloxshade\setup.exe","\Device\HarddiskVolume3\Program Files\Bloxshade\setup.exe","2025-07-11 18:51:17","Info","Medium"
"2026-06-05 15:50:35","BAM","ExecutionArtifact","BAM","Microsoft.SecHealthUI_8wekyb3d8bbwe","Microsoft.SecHealthUI_8wekyb3d8bbwe","2025-07-11 19:03:10","Info","Medium"
"2026-06-05 15:50:35","BAM","ExecutionArtifact","BAM","Microsoft.WindowsStore_8wekyb3d8bbwe","Microsoft.WindowsStore_8wekyb3d8bbwe","2025-07-11 18:51:21","Info","Medium"
"2026-06-05 15:50:35","BAM","ExecutionArtifact","BAM","Microsoft.Windows.Photos_8wekyb3d8bbwe","Microsoft.Windows.Photos_8wekyb3d8bbwe","2025-07-11 19:03:10","Info","Medium"
"2026-06-05 15:50:35","BAM","ExecutionArtifact","BAM","\Device\HarddiskVolume3\Users\Bruhs\Downloads\ThrottleStop_9.7\ThrottleStop.exe","\Device\HarddiskVolume3\Users\Bruhs\Downloads\ThrottleStop_9.7\ThrottleStop.exe","2025-07-11 18:54:05","Info","Medium"
"2026-06-05 15:50:35","BAM","ExecutionArtifact","BAM","Microsoft.WindowsNotepad_8wekyb3d8bbwe","Microsoft.WindowsNotepad_8wekyb3d8bbwe","2025-07-11 18:58:29","Info","Medium"
"2026-06-05 15:50:35","BAM","ExecutionArtifact","BAM","\Device\HarddiskVolume3\Users\Bruhs\Downloads\Optimizer-16.7.exe","\Device\HarddiskVolume3\Users\Bruhs\Downloads\Optimizer-16.7.exe","2025-07-11 19:03:10","Info","Medium"
"2026-06-05 15:50:35","BAM","ExecutionArtifact","BAM","\Device\HarddiskVolume3\Users\Bruhs\Downloads\amd-software-adrenalin-edition-25.6.1-minimalsetup-250602_web (8).exe","\Device\HarddiskVolume3\Users\Bruhs\Downloads\amd-software-adrenalin-edition-25.6.1-minimalsetup-250602_web (8).exe","2025-07-11 19:03:03","Info","Medium"
"2026-06-05 15:50:35","BAM","ExecutionArtifact","BAM","\Device\HarddiskVolume3\Windows\System32\shutdown.exe","\Device\HarddiskVolume3\Windows\System32\shutdown.exe","2025-07-11 19:03:10","Info","Medium"
"2026-06-05 15:50:36","Prefetch","ExecutionArtifact","Prefetch","_IU14D2N.TMP","_IU14D2N.TMP-F41A3733.pf","2026-05-25 00:12:20","Info","Medium"
"2026-06-05 15:50:36","Prefetch","ExecutionArtifact","Prefetch","! MEASURESLEEP.EXE","! MEASURESLEEP.EXE-76797DAE.pf","2026-05-23 18:11:45","Info","Medium"
"2026-06-05 15:50:36","Prefetch","ExecutionArtifact","Prefetch","ALIYUNWRAPEXE.EXE","ALIYUNWRAPEXE.EXE-18B9F8E9.pf","2026-05-25 00:12:15","Info","Medium"
"2026-06-05 15:50:36","Prefetch","ExecutionArtifact","Prefetch","ALIYUNWRAPEXE.EXE","ALIYUNWRAPEXE.EXE-446BEAB4.pf","2026-05-25 00:12:14","Info","Medium"
"2026-06-05 15:50:36","Prefetch","ExecutionArtifact","Prefetch","APOCONFIG.EXE","APOCONFIG.EXE-B4B90D4B.pf","2026-05-25 01:58:44","Info","Medium"
"2026-06-05 15:50:36","Prefetch","ExecutionArtifact","Prefetch","APPLICATIONFRAMEHOST.EXE","APPLICATIONFRAMEHOST.EXE-8CE9A1EE.pf","2026-05-25 01:02:23","Info","Medium"
"2026-06-05 15:50:36","Prefetch","ExecutionArtifact","Prefetch","ATIEAH64.EXE","ATIEAH64.EXE-9EE282B6.pf","2026-05-25 12:07:35","Info","Medium"
"2026-06-05 15:50:36","Prefetch","ExecutionArtifact","Prefetch","ATLASTOOLBOX.EXE","ATLASTOOLBOX.EXE-9E144753.pf","2026-05-23 20:53:06","Info","Medium"
"2026-06-05 15:50:36","Prefetch","ExecutionArtifact","Prefetch","AUDIODG.EXE","AUDIODG.EXE-AB22E9A6.pf","2026-05-25 01:58:52","Info","Medium"
"2026-06-05 15:50:36","Prefetch","ExecutionArtifact","Prefetch","BACKGROUNDTASKHOST.EXE","BACKGROUNDTASKHOST.EXE-2E51D24C.pf","2026-05-25 12:07:44","Info","Medium"
"2026-06-05 15:50:36","Prefetch","ExecutionArtifact","Prefetch","BACKGROUNDTASKHOST.EXE","BACKGROUNDTASKHOST.EXE-CAD1DF16.pf","2026-05-25 14:08:10","Info","Medium"
"2026-06-05 15:50:36","Prefetch","ExecutionArtifact","Prefetch","BACKGROUNDTRANSFERHOST.EXE","BACKGROUNDTRANSFERHOST.EXE-C4D66DF6.pf","2026-05-23 20:53:30","Info","Medium"
"2026-06-05 15:50:36","Prefetch","ExecutionArtifact","Prefetch","BCDEDIT.EXE","BCDEDIT.EXE-FE221428.pf","2026-05-25 09:18:30","Info","Medium"
"2026-06-05 15:50:36","Prefetch","ExecutionArtifact","Prefetch","BGADEFMGR.EXE","BGADEFMGR.EXE-774DCFE8.pf","2026-05-23 18:40:20","Info","Medium"
"2026-06-05 15:50:36","Prefetch","ExecutionArtifact","Prefetch","BRAVE.EXE","BRAVE.EXE-3118B3DB.pf","2026-05-25 08:42:16","Info","Medium"
"2026-06-05 15:50:36","Prefetch","ExecutionArtifact","Prefetch","BRAVE.EXE","BRAVE.EXE-3118B3DC.pf","2026-05-25 09:21:54","Info","Medium"
"2026-06-05 15:50:36","Prefetch","ExecutionArtifact","Prefetch","BRAVE.EXE","BRAVE.EXE-3118B3DD.pf","2026-05-25 09:21:54","Info","Medium"
"2026-06-05 15:50:36","Prefetch","ExecutionArtifact","Prefetch","BRAVE.EXE","BRAVE.EXE-3118B3DF.pf","2026-05-25 09:21:53","Info","Medium"
"2026-06-05 15:50:36","Prefetch","ExecutionArtifact","Prefetch","BRAVE.EXE","BRAVE.EXE-3118B3E4.pf","2026-05-25 09:21:54","Info","Medium"
"2026-06-05 15:50:36","Prefetch","ExecutionArtifact","Prefetch","BRAVE.EXE","BRAVE.EXE-3118B3E6.pf","2026-05-25 09:21:54","Info","Medium"
"2026-06-05 15:50:36","Prefetch","ExecutionArtifact","Prefetch","BRAVE.EXE","BRAVE.EXE-3118B3E8.pf","2026-05-25 09:21:54","Info","Medium"
"2026-06-05 15:50:36","Prefetch","ExecutionArtifact","Prefetch","BRAVECRASHHANDLER.EXE","BRAVECRASHHANDLER.EXE-5C05071A.pf","2026-05-25 09:19:46","Info","Medium"
"2026-06-05 15:50:36","Prefetch","ExecutionArtifact","Prefetch","BRAVECRASHHANDLER64.EXE","BRAVECRASHHANDLER64.EXE-F2F2D05C.pf","2026-05-25 09:19:46","Info","Medium"
"2026-06-05 15:50:36","Prefetch","ExecutionArtifact","Prefetch","BRAVEUPDATE.EXE","BRAVEUPDATE.EXE-71F336A7.pf","2026-05-25 09:19:46","Info","Medium"
"2026-06-05 15:50:36","Prefetch","ExecutionArtifact","Prefetch","CLOUDFLARE WARP.EXE","CLOUDFLARE WARP.EXE-20C945D2.pf","2026-05-23 18:17:34","Info","Medium"
"2026-06-05 15:50:36","Prefetch","ExecutionArtifact","Prefetch","CLOWNFISHVOICECHANGER.EXE","CLOWNFISHVOICECHANGER.EXE-180BDB4C.pf","2026-05-25 01:52:52","Info","Medium"
"2026-06-05 15:50:36","Prefetch","ExecutionArtifact","Prefetch","CMD.EXE","CMD.EXE-0BD30981.pf","2026-05-25 09:18:30","Info","Medium"
"2026-06-05 15:50:36","Prefetch","ExecutionArtifact","Prefetch","CMD.EXE","CMD.EXE-6D6290C5.pf","2026-05-25 01:58:44","Info","Medium"
"2026-06-05 15:50:36","Prefetch","ExecutionArtifact","Prefetch","CNCMD.EXE","CNCMD.EXE-12D2F4DA.pf","2026-05-25 08:42:11","Info","Medium"
"2026-06-05 15:50:36","Prefetch","ExecutionArtifact","Prefetch","COMPPKGSRV.EXE","COMPPKGSRV.EXE-4780F0C1.pf","2026-05-25 12:07:44","Info","Medium"
"2026-06-05 15:50:36","Prefetch","ExecutionArtifact","Prefetch","CONHOST.EXE","CONHOST.EXE-0C6456FB.pf","2026-05-25 09:18:30","Info","Medium"
"2026-06-05 15:50:36","Prefetch","ExecutionArtifact","Prefetch","CONSENT.EXE","CONSENT.EXE-40419367.pf","2026-05-25 14:33:47","Info","Medium"
"2026-06-05 15:50:36","Prefetch","ExecutionArtifact","Prefetch","CRASHPAD_HANDLER.EXE","CRASHPAD_HANDLER.EXE-F2E6A439.pf","2026-05-24 14:21:19","Info","Medium"
"2026-06-05 15:50:36","Prefetch","ExecutionArtifact","Prefetch","CRASHREPORTCLIENT.EXE","CRASHREPORTCLIENT.EXE-DAE9AEBF.pf","2026-05-24 16:56:31","Info","Medium"
"2026-06-05 15:50:36","Prefetch","ExecutionArtifact","Prefetch","CREDENTIALUIBROKER.EXE","CREDENTIALUIBROKER.EXE-8CEDA3EB.pf","2026-05-25 14:31:48","Info","Medium"
"2026-06-05 15:50:36","Prefetch","ExecutionArtifact","Prefetch","CSC.EXE","CSC.EXE-B6D5E435.pf","2026-05-24 13:36:39","Info","Medium"
"2026-06-05 15:50:36","Prefetch","ExecutionArtifact","Prefetch","CTFMON.EXE","CTFMON.EXE-795F8130.pf","2026-05-25 08:42:01","Info","Medium"
"2026-06-05 15:50:36","Prefetch","ExecutionArtifact","Prefetch","CURL.EXE","CURL.EXE-669CD8D3.pf","2026-05-23 20:53:07","Info","Medium"
"2026-06-05 15:50:36","Prefetch","ExecutionArtifact","Prefetch","CVTRES.EXE","CVTRES.EXE-BBD3ED93.pf","2026-05-24 13:36:39","Info","Medium"
"2026-06-05 15:50:36","Prefetch","ExecutionArtifact","Prefetch","DEVICEDRIVER.EXE","DEVICEDRIVER.EXE-62DA4CC4.pf","2026-05-25 02:09:15","Info","Medium"
"2026-06-05 15:50:36","Prefetch","ExecutionArtifact","Prefetch","DISCORD.EXE","DISCORD.EXE-40A8B06D.pf","2026-05-25 09:33:42","Info","Medium"
"2026-06-05 15:50:36","Prefetch","ExecutionArtifact","Prefetch","DISCORD.EXE","DISCORD.EXE-40A8B06E.pf","2026-05-25 09:33:45","Info","Medium"
"2026-06-05 15:50:36","Prefetch","ExecutionArtifact","Prefetch","DISCORD.EXE","DISCORD.EXE-40A8B06F.pf","2026-05-25 09:33:51","Info","Medium"
"2026-06-05 15:50:36","Prefetch","ExecutionArtifact","Prefetch","DISCORD.EXE","DISCORD.EXE-40A8B071.pf","2026-05-25 09:33:50","Info","Medium"
"2026-06-05 15:50:36","Prefetch","ExecutionArtifact","Prefetch","DISCORD.EXE","DISCORD.EXE-40A8B077.pf","2026-05-25 09:33:50","Info","Medium"
"2026-06-05 15:50:36","Prefetch","ExecutionArtifact","Prefetch","DISCORD.EXE","DISCORD.EXE-40A8B078.pf","2026-05-25 09:33:47","Info","Medium"
"2026-06-05 15:50:36","Prefetch","ExecutionArtifact","Prefetch","DISCORD.EXE","DISCORD.EXE-40A8B079.pf","2026-05-25 09:33:54","Info","Medium"
"2026-06-05 15:50:36","Prefetch","ExecutionArtifact","Prefetch","DISCORD.EXE","DISCORD.EXE-40A8B07B.pf","2026-05-25 09:34:16","Info","Medium"
"2026-06-05 15:50:36","Prefetch","ExecutionArtifact","Prefetch","DISCORDHOOKHELPER.EXE","DISCORDHOOKHELPER.EXE-1AEA4AFA.pf","2026-05-24 20:06:13","Info","Medium"
"2026-06-05 15:50:36","Prefetch","ExecutionArtifact","Prefetch","DISCORDHOOKHELPER64.EXE","DISCORDHOOKHELPER64.EXE-3594B63C.pf","2026-05-24 20:06:12","Info","Medium"
"2026-06-05 15:50:36","Prefetch","ExecutionArtifact","Prefetch","DISCORDSETUP.EXE","DISCORDSETUP.EXE-496BE822.pf","2026-05-23 17:42:17","Info","Medium"
"2026-06-05 15:50:36","Prefetch","ExecutionArtifact","Prefetch","DISCORDSYSTEMHELPER.EXE","DISCORDSYSTEMHELPER.EXE-7308388D.pf","2026-05-25 09:34:00","Info","Medium"
"2026-06-05 15:50:36","Prefetch","ExecutionArtifact","Prefetch","DLLHOST.EXE","DLLHOST.EXE-0BCCFE33.pf","2026-05-25 00:04:04","Info","Medium"
"2026-06-05 15:50:36","Prefetch","ExecutionArtifact","Prefetch","DLLHOST.EXE","DLLHOST.EXE-1BAE06BB.pf","2026-05-25 09:18:30","Info","Medium"
"2026-06-05 15:50:36","Prefetch","ExecutionArtifact","Prefetch","DLLHOST.EXE","DLLHOST.EXE-1C41407A.pf","2026-05-25 00:42:46","Info","Medium"
"2026-06-05 15:50:36","Prefetch","ExecutionArtifact","Prefetch","DLLHOST.EXE","DLLHOST.EXE-47BE07DC.pf","2026-05-25 09:18:35","Info","Medium"
"2026-06-05 15:50:36","Prefetch","ExecutionArtifact","Prefetch","DLLHOST.EXE","DLLHOST.EXE-5FA98F46.pf","2026-05-25 00:42:46","Info","Medium"
"2026-06-05 15:50:36","Prefetch","ExecutionArtifact","Prefetch","DLLHOST.EXE","DLLHOST.EXE-7D5CE0CA.pf","2026-05-25 13:53:43","Info","Medium"
"2026-06-05 15:50:36","Prefetch","ExecutionArtifact","Prefetch","DLLHOST.EXE","DLLHOST.EXE-810B6BBE.pf","2026-05-25 09:18:34","Info","Medium"
"2026-06-05 15:50:36","Prefetch","ExecutionArtifact","Prefetch","DLLHOST.EXE","DLLHOST.EXE-86D42079.pf","2026-05-25 08:42:08","Info","Medium"
"2026-06-05 15:50:36","Prefetch","ExecutionArtifact","Prefetch","DLLHOST.EXE","DLLHOST.EXE-A15F3076.pf","2026-05-23 17:40:04","Info","Medium"
"2026-06-05 15:50:36","Prefetch","ExecutionArtifact","Prefetch","DLLHOST.EXE","DLLHOST.EXE-A1BF1D3B.pf","2026-05-25 00:31:23","Info","Medium"
"2026-06-05 15:50:36","Prefetch","ExecutionArtifact","Prefetch","DLLHOST.EXE","DLLHOST.EXE-C7F45418.pf","2026-05-25 09:18:29","Info","Medium"
"2026-06-05 15:50:36","Prefetch","ExecutionArtifact","Prefetch","DLLHOST.EXE","DLLHOST.EXE-ECDCED3C.pf","2026-05-25 00:38:07","Info","Medium"
"2026-06-05 15:50:36","Prefetch","ExecutionArtifact","Prefetch","DLLHOST.EXE","DLLHOST.EXE-F144D205.pf","2026-05-23 18:26:20","Info","Medium"
"2026-06-05 15:50:36","Prefetch","ExecutionArtifact","Prefetch","DLLHOST.EXE","DLLHOST.EXE-F6E270D2.pf","2026-05-23 18:17:44","Info","Medium"
"2026-06-05 15:50:36","Prefetch","ExecutionArtifact","Prefetch","DRVINST.EXE","DRVINST.EXE-39D9EAC7.pf","2026-05-25 00:37:55","Info","Medium"
"2026-06-05 15:50:36","Prefetch","ExecutionArtifact","Prefetch","ELEVATE.EXE","ELEVATE.EXE-84C5674C.pf","2026-05-24 14:21:08","Info","Medium"
"2026-06-05 15:50:36","Prefetch","ExecutionArtifact","Prefetch","ELEVATION_SERVICE.EXE","ELEVATION_SERVICE.EXE-CB54CED2.pf","2026-05-25 09:21:43","Info","Medium"
"2026-06-05 15:50:36","Prefetch","ExecutionArtifact","Prefetch","EXITLAG.EXE","EXITLAG.EXE-3EAA2EC7.pf","2026-05-25 09:20:54","Info","Medium"
"2026-06-05 15:50:36","Prefetch","ExecutionArtifact","Prefetch","EXITLAGPMSERVICE.EXE","EXITLAGPMSERVICE.EXE-0FCB42AD.pf","2026-05-25 09:04:28","Info","Medium"
"2026-06-05 15:50:36","Prefetch","ExecutionArtifact","Prefetch","EXPLORER.EXE","EXPLORER.EXE-D5E97654.pf","2026-05-25 09:33:59","Info","Medium"
"2026-06-05 15:50:36","Prefetch","ExecutionArtifact","Prefetch","FFMPEG7.EXE","FFMPEG7.EXE-8243553F.pf","2026-05-24 15:13:08","Info","Medium"
"2026-06-05 15:50:36","Prefetch","ExecutionArtifact","Prefetch","FFPROBE.EXE","FFPROBE.EXE-3602147E.pf","2026-05-24 15:13:07","Info","Medium"
"2026-06-05 15:50:36","Prefetch","ExecutionArtifact","Prefetch","FFPROBE.EXE","FFPROBE.EXE-D33869EF.pf","2026-05-24 15:13:08","Info","Medium"
"2026-06-05 15:50:36","Prefetch","ExecutionArtifact","Prefetch","FIND.EXE","FIND.EXE-AE190082.pf","2026-05-23 20:53:30","Info","Medium"
"2026-06-05 15:50:36","Prefetch","ExecutionArtifact","Prefetch","FLTMC.EXE","FLTMC.EXE-0772512B.pf","2026-05-23 20:55:53","Info","Medium"
"2026-06-05 15:50:36","Prefetch","ExecutionArtifact","Prefetch","FROSTSTRAP.EXE","FROSTSTRAP.EXE-FD6894BC.pf","2026-05-25 02:08:33","Info","Medium"
"2026-06-05 15:50:36","Prefetch","ExecutionArtifact","Prefetch","FSUTIL.EXE","FSUTIL.EXE-0B55CC80.pf","2026-05-25 14:34:59","Info","Medium"
"2026-06-05 15:50:36","Prefetch","ExecutionArtifact","Prefetch","FXSOUND.EXE","FXSOUND.EXE-C747292F.pf","2026-05-25 09:58:52","Info","Medium"
"2026-06-05 15:50:36","Prefetch","ExecutionArtifact","Prefetch","GAME_GRAPHICS_SETTER.EXE","GAME_GRAPHICS_SETTER.EXE-2CD49F78.pf","2026-05-25 12:47:15","Info","Medium"
"2026-06-05 15:50:36","Prefetch","ExecutionArtifact","Prefetch","GET","GET-GRAPHICS-OFFSETS64.EXE-3DD699FF.pf","2026-05-24 16:56:57","Info","Medium"
"2026-06-05 15:50:36","Prefetch","ExecutionArtifact","Prefetch","GLDRIVERQUERY.EXE","GLDRIVERQUERY.EXE-D4C3F5EA.pf","2026-05-25 12:07:37","Info","Medium"
"2026-06-05 15:50:36","Prefetch","ExecutionArtifact","Prefetch","GLDRIVERQUERY64.EXE","GLDRIVERQUERY64.EXE-1B3D222C.pf","2026-05-23 17:58:46","Info","Medium"
"2026-06-05 15:50:36","Prefetch","ExecutionArtifact","Prefetch","GPU_ENCODER_HELPER.EXE","GPU_ENCODER_HELPER.EXE-984A6BA8.pf","2026-05-25 09:33:44","Info","Medium"
"2026-06-05 15:50:36","Prefetch","ExecutionArtifact","Prefetch","INFOFORSETUP.EXE","INFOFORSETUP.EXE-C22BF112.pf","2026-05-25 00:12:14","Info","Medium"
"2026-06-05 15:50:36","Prefetch","ExecutionArtifact","Prefetch","INJECT","INJECT-HELPER64.EXE-E8B03998.pf","2026-05-24 16:56:57","Info","Medium"
"2026-06-05 15:50:36","Prefetch","ExecutionArtifact","Prefetch","INSTALL (1).EXE","INSTALL (1).EXE-FC00AA22.pf","2026-05-23 17:46:20","Info","Medium"
"2026-06-05 15:50:36","Prefetch","ExecutionArtifact","Prefetch","INSTALLDRIVER.EXE","INSTALLDRIVER.EXE-ADD6E2D5.pf","2026-05-25 00:12:14","Info","Medium"
"2026-06-05 15:50:36","Prefetch","ExecutionArtifact","Prefetch","IPCONFIG.EXE","IPCONFIG.EXE-BFEC2AD0.pf","2026-05-24 14:47:24","Info","Medium"
"2026-06-05 15:50:36","Prefetch","ExecutionArtifact","Prefetch","LAUNCHTM.EXE","LAUNCHTM.EXE-8587CF19.pf","2026-05-23 17:39:02","Info","Medium"
"2026-06-05 15:50:36","Prefetch","ExecutionArtifact","Prefetch","MARVEL","MARVEL-WIN64-SHIPPING.EXE-DE9EC70F.pf","2026-05-24 16:56:21","Info","Medium"
"2026-06-05 15:50:36","Prefetch","ExecutionArtifact","Prefetch","MARVEL.EXE","MARVEL.EXE-4E096F73.pf","2026-05-24 16:56:22","Info","Medium"
"2026-06-05 15:50:36","Prefetch","ExecutionArtifact","Prefetch","MARVELRIVALS_LAUNCHER.EXE","MARVELRIVALS_LAUNCHER.EXE-F714B27C.pf","2026-05-25 12:47:10","Info","Medium"
"2026-06-05 15:50:36","Prefetch","ExecutionArtifact","Prefetch","MEDAL.EXE","MEDAL.EXE-1B1914A2.pf","2026-05-24 16:55:50","Info","Medium"
"2026-06-05 15:50:36","Prefetch","ExecutionArtifact","Prefetch","MEDAL.EXE","MEDAL.EXE-1B1914A3.pf","2026-05-24 14:18:12","Info","Medium"
"2026-06-05 15:50:36","Prefetch","ExecutionArtifact","Prefetch","MEDAL.EXE","MEDAL.EXE-1B1914A5.pf","2026-05-24 13:36:09","Info","Medium"
"2026-06-05 15:50:36","Prefetch","ExecutionArtifact","Prefetch","MEDAL.EXE","MEDAL.EXE-1B1914AB.pf","2026-05-24 14:20:02","Info","Medium"
"2026-06-05 15:50:36","Prefetch","ExecutionArtifact","Prefetch","MEDAL.EXE","MEDAL.EXE-1B1914AC.pf","2026-05-24 14:18:12","Info","Medium"
"2026-06-05 15:50:36","Prefetch","ExecutionArtifact","Prefetch","MEDAL.EXE","MEDAL.EXE-1B1914AD.pf","2026-05-24 14:18:18","Info","Medium"
"2026-06-05 15:50:36","Prefetch","ExecutionArtifact","Prefetch","MEDALENCODER.EXE","MEDALENCODER.EXE-DA661EF1.pf","2026-05-24 14:21:10","Info","Medium"
"2026-06-05 15:50:36","Prefetch","ExecutionArtifact","Prefetch","MEDALSTEAMUTILS.EXE","MEDALSTEAMUTILS.EXE-2C2ABD0C.pf","2026-05-24 16:56:36","Info","Medium"
"2026-06-05 15:50:36","Prefetch","ExecutionArtifact","Prefetch","MMC.EXE","MMC.EXE-0100FE1F.pf","2026-05-25 00:04:09","Info","Medium"
"2026-06-05 15:50:36","Prefetch","ExecutionArtifact","Prefetch","MMVCSERVERSIO.EXE","MMVCSERVERSIO.EXE-08014D8F.pf","2026-05-25 00:40:14","Info","Medium"
"2026-06-05 15:50:36","Prefetch","ExecutionArtifact","Prefetch","MONOTIFICATIONUX.EXE","MONOTIFICATIONUX.EXE-23180524.pf","2026-05-25 11:18:27","Info","Medium"
"2026-06-05 15:50:36","Prefetch","ExecutionArtifact","Prefetch","MOUSOCOREWORKER.EXE","MOUSOCOREWORKER.EXE-3EF8346A.pf","2026-05-25 13:58:33","Info","Medium"
"2026-06-05 15:50:36","Prefetch","ExecutionArtifact","Prefetch","MPAM","MPAM-D_BD_1.451.62.0.EXE-06244D4B.pf","2026-05-23 17:51:25","Info","Medium"
"2026-06-05 15:50:36","Prefetch","ExecutionArtifact","Prefetch","MPAM","MPAM-D_BD_1.451.68.0.EXE-F4B12BFD.pf","2026-05-24 10:15:24","Info","Medium"
"2026-06-05 15:50:36","Prefetch","ExecutionArtifact","Prefetch","MPAM","MPAM-D_BD_1.451.78.0.EXE-9198BA5F.pf","2026-05-25 00:49:33","Info","Medium"
"2026-06-05 15:50:36","Prefetch","ExecutionArtifact","Prefetch","MPAM","MPAM-D_BD_1.451.87.0.EXE-AF9AF864.pf","2026-05-25 08:50:33","Info","Medium"
"2026-06-05 15:50:36","Prefetch","ExecutionArtifact","Prefetch","MPCMDRUN.EXE","MPCMDRUN.EXE-21C3DD4A.pf","2026-05-25 09:27:48","Info","Medium"
"2026-06-05 15:50:36","Prefetch","ExecutionArtifact","Prefetch","MPSIGSTUB.EXE","MPSIGSTUB.EXE-0EB713B0.pf","2026-05-25 00:49:28","Info","Medium"
"2026-06-05 15:50:36","Prefetch","ExecutionArtifact","Prefetch","MPSIGSTUB.EXE","MPSIGSTUB.EXE-41757EDD.pf","2026-05-25 08:50:28","Info","Medium"
"2026-06-05 15:50:36","Prefetch","ExecutionArtifact","Prefetch","MPSIGSTUB.EXE","MPSIGSTUB.EXE-BFAB89B2.pf","2026-05-23 17:51:20","Info","Medium"
"2026-06-05 15:50:36","Prefetch","ExecutionArtifact","Prefetch","MPSIGSTUB.EXE","MPSIGSTUB.EXE-FB01FBA8.pf","2026-05-24 10:15:19","Info","Medium"
"2026-06-05 15:50:36","Prefetch","ExecutionArtifact","Prefetch","MSEDGEWEBVIEW2.EXE","MSEDGEWEBVIEW2.EXE-1FFF0EED.pf","2026-05-25 09:39:29","Info","Medium"
"2026-06-05 15:50:36","Prefetch","ExecutionArtifact","Prefetch","MSEDGEWEBVIEW2.EXE","MSEDGEWEBVIEW2.EXE-1FFF0EEE.pf","2026-05-25 10:15:51","Info","Medium"
"2026-06-05 15:50:36","Prefetch","ExecutionArtifact","Prefetch","MSEDGEWEBVIEW2.EXE","MSEDGEWEBVIEW2.EXE-1FFF0EEF.pf","2026-05-25 10:15:51","Info","Medium"
"2026-06-05 15:50:36","Prefetch","ExecutionArtifact","Prefetch","MSEDGEWEBVIEW2.EXE","MSEDGEWEBVIEW2.EXE-1FFF0EF1.pf","2026-05-25 10:15:51","Info","Medium"
"2026-06-05 15:50:36","Prefetch","ExecutionArtifact","Prefetch","MSEDGEWEBVIEW2.EXE","MSEDGEWEBVIEW2.EXE-1FFF0EF7.pf","2026-05-25 10:17:42","Info","Medium"
"2026-06-05 15:50:36","Prefetch","ExecutionArtifact","Prefetch","MSEDGEWEBVIEW2.EXE","MSEDGEWEBVIEW2.EXE-1FFF0EF8.pf","2026-05-25 10:15:51","Info","Medium"
"2026-06-05 15:50:36","Prefetch","ExecutionArtifact","Prefetch","MSEDGEWEBVIEW2.EXE","MSEDGEWEBVIEW2.EXE-1FFF0EF9.pf","2026-05-25 10:15:53","Info","Medium"
"2026-06-05 15:50:36","Prefetch","ExecutionArtifact","Prefetch","MSEDGEWEBVIEW2.EXE","MSEDGEWEBVIEW2.EXE-1FFF0EFA.pf","2026-05-25 10:15:51","Info","Medium"
"2026-06-05 15:50:36","Prefetch","ExecutionArtifact","Prefetch","MSEDGEWEBVIEW2.EXE","MSEDGEWEBVIEW2.EXE-1FFF0EFB.pf","2026-05-23 19:02:23","Info","Medium"
"2026-06-05 15:50:36","Prefetch","ExecutionArtifact","Prefetch","MSPCMANAGER.EXE","MSPCMANAGER.EXE-3BB73C9B.pf","2026-05-23 18:18:14","Info","Medium"
"2026-06-05 15:50:36","Prefetch","ExecutionArtifact","Prefetch","MSPCMANAGERCORE.EXE","MSPCMANAGERCORE.EXE-2E068772.pf","2026-05-25 10:22:54","Info","Medium"
"2026-06-05 15:50:36","Prefetch","ExecutionArtifact","Prefetch","MSPCMANAGERSERVICE.EXE","MSPCMANAGERSERVICE.EXE-16CEAAE6.pf","2026-05-23 18:18:18","Info","Medium"
"2026-06-05 15:50:36","Prefetch","ExecutionArtifact","Prefetch","NET.EXE","NET.EXE-0225D674.pf","2026-05-25 01:58:44","Info","Medium"
"2026-06-05 15:50:36","Prefetch","ExecutionArtifact","Prefetch","NET1.EXE","NET1.EXE-091D8149.pf","2026-05-25 01:58:44","Info","Medium"
"2026-06-05 15:50:36","Prefetch","ExecutionArtifact","Prefetch","NETSH.EXE","NETSH.EXE-A596235F.pf","2026-05-24 14:47:50","Info","Medium"
"2026-06-05 15:50:36","Prefetch","ExecutionArtifact","Prefetch","NOTEPAD.EXE","NOTEPAD.EXE-E06A5D65.pf","2026-05-23 17:37:44","Info","Medium"
"2026-06-05 15:50:36","Prefetch","ExecutionArtifact","Prefetch","OPENWITH.EXE","OPENWITH.EXE-8B50D58B.pf","2026-05-25 02:08:11","Info","Medium"
"2026-06-05 15:50:36","Prefetch","ExecutionArtifact","Prefetch","OSU!.EXE","OSU!.EXE-2C8F46A0.pf","2026-05-23 18:42:42","Info","Medium"
"2026-06-05 15:50:36","Prefetch","ExecutionArtifact","Prefetch","OSU!.EXE","OSU!.EXE-66C73E09.pf","2026-05-23 18:18:12","Info","Medium"
"2026-06-05 15:50:36","Prefetch","ExecutionArtifact","Prefetch","OSU!INSTALL.EXE","OSU!INSTALL.EXE-0B41AA98.pf","2026-05-23 17:43:29","Info","Medium"
"2026-06-05 15:50:36","Prefetch","ExecutionArtifact","Prefetch","PHOTOS.EXE","PHOTOS.EXE-B6F10F7E.pf","2026-05-25 13:53:38","Info","Medium"
"2026-06-05 15:50:36","Prefetch","ExecutionArtifact","Prefetch","PICKERHOST.EXE","PICKERHOST.EXE-DE4B8E61.pf","2026-05-25 00:31:18","Info","Medium"
"2026-06-05 15:50:36","Prefetch","ExecutionArtifact","Prefetch","PING.EXE","PING.EXE-4A8A6853.pf","2026-05-23 20:53:33","Info","Medium"
"2026-06-05 15:50:36","Prefetch","ExecutionArtifact","Prefetch","POWERCFG.EXE","POWERCFG.EXE-954C9186.pf","2026-05-25 14:26:59","Info","Medium"
"2026-06-05 15:50:36","Prefetch","ExecutionArtifact","Prefetch","POWERSHELL.EXE","POWERSHELL.EXE-CA1AE517.pf","2026-05-24 13:36:03","Info","Medium"
"2026-06-05 15:50:36","Prefetch","ExecutionArtifact","Prefetch","PROCESSLASSO.EXE","PROCESSLASSO.EXE-2B3EF0DD.pf","2026-05-23 18:40:41","Info","Medium"
"2026-06-05 15:50:36","Prefetch","ExecutionArtifact","Prefetch","PROCESSLASSOLAUNCHER.EXE","PROCESSLASSOLAUNCHER.EXE-11389CAF.pf","2026-05-23 18:40:31","Info","Medium"
"2026-06-05 15:50:36","Prefetch","ExecutionArtifact","Prefetch","QTWEBENGINEPROCESS.EXE","QTWEBENGINEPROCESS.EXE-46556540.pf","2026-05-25 12:47:23","Info","Medium"
"2026-06-05 15:50:36","Prefetch","ExecutionArtifact","Prefetch","RADEONSOFTWARE.EXE","RADEONSOFTWARE.EXE-539AAFAD.pf","2026-05-25 08:42:14","Info","Medium"
"2026-06-05 15:50:36","Prefetch","ExecutionArtifact","Prefetch","REG.EXE","REG.EXE-A93A1343.pf","2026-05-25 09:18:30","Info","Medium"
"2026-06-05 15:50:36","Prefetch","ExecutionArtifact","Prefetch","REGSVR32.EXE","REGSVR32.EXE-03D3FB87.pf","2026-05-25 01:58:44","Info","Medium"
"2026-06-05 15:50:36","Prefetch","ExecutionArtifact","Prefetch","REGSVR32.EXE","REGSVR32.EXE-B31EC963.pf","2026-05-25 01:58:44","Info","Medium"
"2026-06-05 15:50:36","Prefetch","ExecutionArtifact","Prefetch","ROBLOXCRASHHANDLER.EXE","ROBLOXCRASHHANDLER.EXE-42A76D67.pf","2026-05-25 10:55:47","Info","Medium"
"2026-06-05 15:50:36","Prefetch","ExecutionArtifact","Prefetch","ROBLOXPLAYERBETA.EXE","ROBLOXPLAYERBETA.EXE-873CA299.pf","2026-05-25 10:55:36","Info","Medium"
"2026-06-05 15:50:36","Prefetch","ExecutionArtifact","Prefetch","RUNDLL32.EXE","RUNDLL32.EXE-6F26928C.pf","2026-05-23 20:53:27","Info","Medium"
"2026-06-05 15:50:36","Prefetch","ExecutionArtifact","Prefetch","RUNDLL32.EXE","RUNDLL32.EXE-75313621.pf","2026-05-25 00:40:03","Info","Medium"
"2026-06-05 15:50:36","Prefetch","ExecutionArtifact","Prefetch","RUNDLL32.EXE","RUNDLL32.EXE-A7DB9FAD.pf","2026-05-25 00:38:39","Info","Medium"
"2026-06-05 15:50:36","Prefetch","ExecutionArtifact","Prefetch","RUNDLL32.EXE","RUNDLL32.EXE-BE8830B6.pf","2026-05-25 09:20:53","Info","Medium"
"2026-06-05 15:50:36","Prefetch","ExecutionArtifact","Prefetch","RUNONCE.EXE","RUNONCE.EXE-FB4EF753.pf","2026-05-25 08:41:49","Info","Medium"
"2026-06-05 15:50:36","Prefetch","ExecutionArtifact","Prefetch","RUNTIMEBROKER.EXE","RUNTIMEBROKER.EXE-2C5A250C.pf","2026-05-25 14:08:20","Info","Medium"
"2026-06-05 15:50:36","Prefetch","ExecutionArtifact","Prefetch","RUNTIMEBROKER.EXE","RUNTIMEBROKER.EXE-2DE10FD9.pf","2026-05-25 09:21:02","Info","Medium"
"2026-06-05 15:50:36","Prefetch","ExecutionArtifact","Prefetch","RUNTIMEBROKER.EXE","RUNTIMEBROKER.EXE-4551A062.pf","2026-05-25 09:58:55","Info","Medium"
"2026-06-05 15:50:36","Prefetch","ExecutionArtifact","Prefetch","RUNTIMEBROKER.EXE","RUNTIMEBROKER.EXE-5CFAD0E1.pf","2026-05-25 09:18:34","Info","Medium"
"2026-06-05 15:50:36","Prefetch","ExecutionArtifact","Prefetch","RUNTIMEBROKER.EXE","RUNTIMEBROKER.EXE-8FDA1842.pf","2026-05-24 21:50:23","Info","Medium"
"2026-06-05 15:50:36","Prefetch","ExecutionArtifact","Prefetch","RUNTIMEBROKER.EXE","RUNTIMEBROKER.EXE-B2BB82C3.pf","2026-05-24 10:35:52","Info","Medium"
"2026-06-05 15:50:36","Prefetch","ExecutionArtifact","Prefetch","RUNTIMEBROKER.EXE","RUNTIMEBROKER.EXE-D236F65E.pf","2026-05-23 18:18:19","Info","Medium"
"2026-06-05 15:50:36","Prefetch","ExecutionArtifact","Prefetch","SC.EXE","SC.EXE-6C4D4413.pf","2026-05-25 14:34:59","Info","Medium"
"2026-06-05 15:50:36","Prefetch","ExecutionArtifact","Prefetch","SCHTASKS.EXE","SCHTASKS.EXE-8B6144A9.pf","2026-05-25 08:42:04","Info","Medium"
"2026-06-05 15:50:36","Prefetch","ExecutionArtifact","Prefetch","SDIAGNHOST.EXE","SDIAGNHOST.EXE-B3171AA1.pf","2026-05-24 13:36:41","Info","Medium"
"2026-06-05 15:50:36","Prefetch","ExecutionArtifact","Prefetch","SEARCHHOST.EXE","SEARCHHOST.EXE-33392B43.pf","2026-05-25 09:18:24","Info","Medium"
"2026-06-05 15:50:36","Prefetch","ExecutionArtifact","Prefetch","SEARCHINDEXER.EXE","SEARCHINDEXER.EXE-1CF42BC6.pf","2026-05-25 09:18:34","Info","Medium"
"2026-06-05 15:50:36","Prefetch","ExecutionArtifact","Prefetch","SEARCHPROTOCOLHOST.EXE","SEARCHPROTOCOLHOST.EXE-69C456C3.pf","2026-05-25 09:04:33","Info","Medium"
"2026-06-05 15:50:36","Prefetch","ExecutionArtifact","Prefetch","SECHEALTHUI.EXE","SECHEALTHUI.EXE-911D3DE6.pf","2026-05-23 17:32:44","Info","Medium"
"2026-06-05 15:50:36","Prefetch","ExecutionArtifact","Prefetch","SECURITYHEALTHHOST.EXE","SECURITYHEALTHHOST.EXE-950D595E.pf","2026-05-25 12:47:21","Info","Medium"
"2026-06-05 15:50:36","Prefetch","ExecutionArtifact","Prefetch","SHAREX","SHAREX-20.2.0-SETUP-X64.EXE-EA337026.pf","2026-05-24 10:06:59","Info","Medium"
"2026-06-05 15:50:36","Prefetch","ExecutionArtifact","Prefetch","SHAREX","SHAREX-20.2.0-SETUP-X64.TMP-19AE1602.pf","2026-05-24 10:06:57","Info","Medium"
"2026-06-05 15:50:36","Prefetch","ExecutionArtifact","Prefetch","SHAREX","SHAREX-20.2.0-SETUP-X64.TMP-45500DDE.pf","2026-05-24 10:06:58","Info","Medium"
"2026-06-05 15:50:36","Prefetch","ExecutionArtifact","Prefetch","SHAREX.EXE","SHAREX.EXE-B92B1511.pf","2026-05-25 11:12:22","Info","Medium"
"2026-06-05 15:50:36","Prefetch","ExecutionArtifact","Prefetch","SHELLEXPERIENCEHOST.EXE","SHELLEXPERIENCEHOST.EXE-2832B906.pf","2026-05-25 09:21:02","Info","Medium"
"2026-06-05 15:50:36","Prefetch","ExecutionArtifact","Prefetch","SMARTSCREEN.EXE","SMARTSCREEN.EXE-EACC1250.pf","2026-05-25 14:33:57","Info","Medium"
"2026-06-05 15:50:36","Prefetch","ExecutionArtifact","Prefetch","SPATIALAUDIOLICENSESRV.EXE","SPATIALAUDIOLICENSESRV.EXE-4032171B.pf","2026-05-25 01:10:09","Info","Medium"
"2026-06-05 15:50:36","Prefetch","ExecutionArtifact","Prefetch","SPOTIFY.EXE","SPOTIFY.EXE-7D51E0E2.pf","2026-05-25 13:33:53","Info","Medium"
"2026-06-05 15:50:36","Prefetch","ExecutionArtifact","Prefetch","SPOTIFY.EXE","SPOTIFY.EXE-7D51E0E3.pf","2026-05-24 10:15:05","Info","Medium"
"2026-06-05 15:50:36","Prefetch","ExecutionArtifact","Prefetch","SPOTIFY.EXE","SPOTIFY.EXE-7D51E0E4.pf","2026-05-25 10:26:15","Info","Medium"
"2026-06-05 15:50:36","Prefetch","ExecutionArtifact","Prefetch","SPOTIFY.EXE","SPOTIFY.EXE-7D51E0E6.pf","2026-05-25 13:33:53","Info","Medium"
"2026-06-05 15:50:36","Prefetch","ExecutionArtifact","Prefetch","SPOTIFY.EXE","SPOTIFY.EXE-7D51E0ED.pf","2026-05-25 10:26:15","Info","Medium"
"2026-06-05 15:50:36","Prefetch","ExecutionArtifact","Prefetch","SPOTIFY.EXE","SPOTIFY.EXE-7D51E0EF.pf","2026-05-25 10:26:15","Info","Medium"
"2026-06-05 15:50:36","Prefetch","ExecutionArtifact","Prefetch","SPOTIFYSETUP.EXE","SPOTIFYSETUP.EXE-F4C9B830.pf","2026-05-23 18:25:55","Info","Medium"
"2026-06-05 15:50:36","Prefetch","ExecutionArtifact","Prefetch","SPPSVC.EXE","SPPSVC.EXE-96070FE0.pf","2026-05-25 14:08:22","Info","Medium"
"2026-06-05 15:50:36","Prefetch","ExecutionArtifact","Prefetch","SPWEBINST0.EXE","SPWEBINST0.EXE-F527A777.pf","2026-05-23 18:26:00","Info","Medium"
"2026-06-05 15:50:36","Prefetch","ExecutionArtifact","Prefetch","STARTMENUEXPERIENCEHOST.EXE","STARTMENUEXPERIENCEHOST.EXE-49335D03.pf","2026-05-25 09:18:24","Info","Medium"
"2026-06-05 15:50:36","Prefetch","ExecutionArtifact","Prefetch","STEAM.EXE","STEAM.EXE-D936A6F2.pf","2026-05-25 12:07:39","Info","Medium"
"2026-06-05 15:50:36","Prefetch","ExecutionArtifact","Prefetch","STEAMSERVICE.EXE","STEAMSERVICE.EXE-2A912AE7.pf","2026-05-25 12:07:45","Info","Medium"
"2026-06-05 15:50:36","Prefetch","ExecutionArtifact","Prefetch","STEAMSYSINFO.EXE","STEAMSYSINFO.EXE-63257559.pf","2026-05-25 12:07:35","Info","Medium"
"2026-06-05 15:50:36","Prefetch","ExecutionArtifact","Prefetch","STEAMWEBHELPER.EXE","STEAMWEBHELPER.EXE-589178FB.pf","2026-05-25 12:07:37","Info","Medium"
"2026-06-05 15:50:36","Prefetch","ExecutionArtifact","Prefetch","STEAMWEBHELPER.EXE","STEAMWEBHELPER.EXE-589178FC.pf","2026-05-25 12:50:02","Info","Medium"
"2026-06-05 15:50:36","Prefetch","ExecutionArtifact","Prefetch","STEAMWEBHELPER.EXE","STEAMWEBHELPER.EXE-589178FD.pf","2026-05-25 12:07:45","Info","Medium"
"2026-06-05 15:50:36","Prefetch","ExecutionArtifact","Prefetch","STEAMWEBHELPER.EXE","STEAMWEBHELPER.EXE-589178FF.pf","2026-05-25 12:07:45","Info","Medium"
"2026-06-05 15:50:36","Prefetch","ExecutionArtifact","Prefetch","STEAMWEBHELPER.EXE","STEAMWEBHELPER.EXE-58917905.pf","2026-05-25 12:09:35","Info","Medium"
"2026-06-05 15:50:36","Prefetch","ExecutionArtifact","Prefetch","STEAMWEBHELPER.EXE","STEAMWEBHELPER.EXE-58917906.pf","2026-05-25 12:07:45","Info","Medium"
"2026-06-05 15:50:36","Prefetch","ExecutionArtifact","Prefetch","STEAMWEBHELPER.EXE","STEAMWEBHELPER.EXE-58917907.pf","2026-05-25 12:50:08","Info","Medium"
"2026-06-05 15:50:36","Prefetch","ExecutionArtifact","Prefetch","STEAMWEBHELPER.EXE","STEAMWEBHELPER.EXE-58917908.pf","2026-05-24 16:55:09","Info","Medium"
"2026-06-05 15:50:36","Prefetch","ExecutionArtifact","Prefetch","STEAMWEBHELPER.EXE","STEAMWEBHELPER.EXE-58917909.pf","2026-05-25 12:07:45","Info","Medium"
"2026-06-05 15:50:36","Prefetch","ExecutionArtifact","Prefetch","SVCHOST.EXE","SVCHOST.EXE-0707973A.pf","2026-05-25 01:50:46","Info","Medium"
"2026-06-05 15:50:36","Prefetch","ExecutionArtifact","Prefetch","SVCHOST.EXE","SVCHOST.EXE-09F4AEA4.pf","2026-05-24 16:57:32","Info","Medium"
"2026-06-05 15:50:36","Prefetch","ExecutionArtifact","Prefetch","SVCHOST.EXE","SVCHOST.EXE-2FFEC382.pf","2026-05-25 09:19:55","Info","Medium"
"2026-06-05 15:50:36","Prefetch","ExecutionArtifact","Prefetch","SVCHOST.EXE","SVCHOST.EXE-366169FB.pf","2026-05-25 09:25:07","Info","Medium"
"2026-06-05 15:50:36","Prefetch","ExecutionArtifact","Prefetch","SVCHOST.EXE","SVCHOST.EXE-3CF81F86.pf","2026-05-25 14:21:54","Info","Medium"
"2026-06-05 15:50:36","Prefetch","ExecutionArtifact","Prefetch","SVCHOST.EXE","SVCHOST.EXE-5F739FCE.pf","2026-05-25 14:27:04","Info","Medium"
"2026-06-05 15:50:36","Prefetch","ExecutionArtifact","Prefetch","SVCHOST.EXE","SVCHOST.EXE-6713F199.pf","2026-05-25 10:55:49","Info","Medium"
"2026-06-05 15:50:36","Prefetch","ExecutionArtifact","Prefetch","SVCHOST.EXE","SVCHOST.EXE-6867B1E5.pf","2026-05-25 10:42:48","Info","Medium"
"2026-06-05 15:50:36","Prefetch","ExecutionArtifact","Prefetch","SVCHOST.EXE","SVCHOST.EXE-A21A7EFE.pf","2026-05-25 01:58:37","Info","Medium"
"2026-06-05 15:50:36","Prefetch","ExecutionArtifact","Prefetch","SVCHOST.EXE","SVCHOST.EXE-AAD33B2E.pf","2026-05-24 16:37:34","Info","Medium"
"2026-06-05 15:50:36","Prefetch","ExecutionArtifact","Prefetch","SVCHOST.EXE","SVCHOST.EXE-BD6AAED4.pf","2026-05-25 11:18:33","Info","Medium"
"2026-06-05 15:50:36","Prefetch","ExecutionArtifact","Prefetch","SVCHOST.EXE","SVCHOST.EXE-E497D745.pf","2026-05-25 10:00:08","Info","Medium"
"2026-06-05 15:50:36","Prefetch","ExecutionArtifact","Prefetch","SVCHOST.EXE","SVCHOST.EXE-F6EF00D7.pf","2026-05-25 09:18:34","Info","Medium"
"2026-06-05 15:50:36","Prefetch","ExecutionArtifact","Prefetch","SYSTEMSETTINGS.EXE","SYSTEMSETTINGS.EXE-AD6D6913.pf","2026-05-25 01:58:27","Info","Medium"
"2026-06-05 15:50:36","Prefetch","ExecutionArtifact","Prefetch","SYSTEMSETTINGSADMINFLOWS.EXE","SYSTEMSETTINGSADMINFLOWS.EXE-F74198E7.pf","2026-05-25 01:50:46","Info","Medium"
"2026-06-05 15:50:36","Prefetch","ExecutionArtifact","Prefetch","TASKHOSTW.EXE","TASKHOSTW.EXE-2E5D4B75.pf","2026-05-25 14:08:13","Info","Medium"
"2026-06-05 15:50:36","Prefetch","ExecutionArtifact","Prefetch","TASKKILL.EXE","TASKKILL.EXE-BE180FC8.pf","2026-05-25 00:12:15","Info","Medium"
"2026-06-05 15:50:36","Prefetch","ExecutionArtifact","Prefetch","TASKLIST.EXE","TASKLIST.EXE-F58BCF08.pf","2026-05-25 09:18:35","Info","Medium"
"2026-06-05 15:50:36","Prefetch","ExecutionArtifact","Prefetch","TASKMGR.EXE","TASKMGR.EXE-4C8500BA.pf","2026-05-25 14:33:48","Info","Medium"
"2026-06-05 15:50:36","Prefetch","ExecutionArtifact","Prefetch","TEXTINPUTHOST.EXE","TEXTINPUTHOST.EXE-29B4D7B5.pf","2026-05-25 09:18:34","Info","Medium"
"2026-06-05 15:50:36","Prefetch","ExecutionArtifact","Prefetch","TIWORKER.EXE","TIWORKER.EXE-986693EC.pf","2026-05-25 11:18:33","Info","Medium"
"2026-06-05 15:50:36","Prefetch","ExecutionArtifact","Prefetch","TRUSTEDINSTALLER.EXE","TRUSTEDINSTALLER.EXE-766EFF52.pf","2026-05-25 11:18:33","Info","Medium"
"2026-06-05 15:50:36","Prefetch","ExecutionArtifact","Prefetch","UN_A.EXE","UN_A.EXE-0DC965E1.pf","2026-05-25 01:58:46","Info","Medium"
"2026-06-05 15:50:36","Prefetch","ExecutionArtifact","Prefetch","UN.EXE","UN.EXE-B16B8C39.pf","2026-05-23 18:18:16","Info","Medium"
"2026-06-05 15:50:36","Prefetch","ExecutionArtifact","Prefetch","UNINS000.EXE","UNINS000.EXE-8E6F43A6.pf","2026-05-25 00:12:15","Info","Medium"
"2026-06-05 15:50:36","Prefetch","ExecutionArtifact","Prefetch","UNINSTALL FUNKHUB.EXE","UNINSTALL FUNKHUB.EXE-0AC1703B.pf","2026-05-23 18:18:34","Info","Medium"
"2026-06-05 15:50:36","Prefetch","ExecutionArtifact","Prefetch","UNINSTALL.EXE","UNINSTALL.EXE-4BAEDEBF.pf","2026-05-25 01:58:36","Info","Medium"
"2026-06-05 15:50:36","Prefetch","ExecutionArtifact","Prefetch","UNINSTALL.EXE","UNINSTALL.EXE-5B8C5435.pf","2026-05-23 18:18:06","Info","Medium"
"2026-06-05 15:50:36","Prefetch","ExecutionArtifact","Prefetch","UPDATE.EXE","UPDATE.EXE-9674B6BB.pf","2026-05-25 09:33:40","Info","Medium"
"2026-06-05 15:50:36","Prefetch","ExecutionArtifact","Prefetch","UPDATE.EXE","UPDATE.EXE-C544E7BC.pf","2026-05-23 17:42:18","Info","Medium"
"2026-06-05 15:50:36","Prefetch","ExecutionArtifact","Prefetch","UPDATER.EXE","UPDATER.EXE-1352D376.pf","2026-05-25 14:19:09","Info","Medium"
"2026-06-05 15:50:36","Prefetch","ExecutionArtifact","Prefetch","UPLOAD_PROFILE.EXE","UPLOAD_PROFILE.EXE-140574D0.pf","2026-05-25 12:47:15","Info","Medium"
"2026-06-05 15:50:36","Prefetch","ExecutionArtifact","Prefetch","USERINFORUNNER.EXE","USERINFORUNNER.EXE-22AB5A7F.pf","2026-05-25 00:12:14","Info","Medium"
"2026-06-05 15:50:36","Prefetch","ExecutionArtifact","Prefetch","VOICE","VOICE-CHANGER-NATIVE-CLIENT.E-C2AA01FD.pf","2026-05-25 00:40:24","Info","Medium"
"2026-06-05 15:50:36","Prefetch","ExecutionArtifact","Prefetch","VOICE","VOICE-CHANGER-NATIVE-CLIENT.E-C2AA01FE.pf","2026-05-25 00:40:29","Info","Medium"
"2026-06-05 15:50:36","Prefetch","ExecutionArtifact","Prefetch","VOICE","VOICE-CHANGER-NATIVE-CLIENT.E-C2AA01FF.pf","2026-05-25 00:40:25","Info","Medium"
"2026-06-05 15:50:36","Prefetch","ExecutionArtifact","Prefetch","VOICE","VOICE-CHANGER-NATIVE-CLIENT.E-C2AA0205.pf","2026-05-25 00:40:29","Info","Medium"
"2026-06-05 15:50:36","Prefetch","ExecutionArtifact","Prefetch","VULKANDRIVERQUERY.EXE","VULKANDRIVERQUERY.EXE-2CBBE840.pf","2026-05-25 12:07:38","Info","Medium"
"2026-06-05 15:50:36","Prefetch","ExecutionArtifact","Prefetch","VULKANDRIVERQUERY64.EXE","VULKANDRIVERQUERY64.EXE-A4F35522.pf","2026-05-25 12:07:38","Info","Medium"
"2026-06-05 15:50:36","Prefetch","ExecutionArtifact","Prefetch","WHERE.EXE","WHERE.EXE-8DCB25CC.pf","2026-05-23 20:53:30","Info","Medium"
"2026-06-05 15:50:36","Prefetch","ExecutionArtifact","Prefetch","WINDOWSPACKAGEMANAGERSERVER.E","WINDOWSPACKAGEMANAGERSERVER.E-17E3E613.pf","2026-05-23 20:55:16","Info","Medium"
"2026-06-05 15:50:36","Prefetch","ExecutionArtifact","Prefetch","WINSTORE.APP.EXE","WINSTORE.APP.EXE-662C3705.pf","2026-05-23 20:53:18","Info","Medium"
"2026-06-05 15:50:36","Prefetch","ExecutionArtifact","Prefetch","WLRMDR.EXE","WLRMDR.EXE-A7C36FDD.pf","2026-05-25 09:18:53","Info","Medium"
"2026-06-05 15:50:36","Prefetch","ExecutionArtifact","Prefetch","WMIADAP.EXE","WMIADAP.EXE-BB21CD77.pf","2026-05-25 09:21:53","Info","Medium"
"2026-06-05 15:50:36","Prefetch","ExecutionArtifact","Prefetch","WMIC.EXE","WMIC.EXE-98223A30.pf","2026-05-23 17:34:53","Info","Medium"
"2026-06-05 15:50:36","Prefetch","ExecutionArtifact","Prefetch","WMIPRVSE.EXE","WMIPRVSE.EXE-E8B8DD29.pf","2026-05-25 10:26:15","Info","Medium"
"2026-06-05 15:50:36","Processes","ProcessSnapshot","Process","amd3dvcacheSvc","C:\WINDOWS\System32\DriverStore\FileRepository\amd3dvcache.inf_amd64_558311a8a60226a4\amd3dvcacheSvc.exe","3728","Info","Medium"
"2026-06-05 15:50:36","Processes","ProcessSnapshot","Process","amdfendrsr","C:\WINDOWS\System32\DriverStore\FileRepository\amdfendr.inf_amd64_b08edd5e3fe7eded\amdfendrsr.exe","2524","Info","Medium"
"2026-06-05 15:50:36","Processes","ProcessSnapshot","Process","amdow","C:\Program Files\AMD\CNext\CNext\amdow.exe","6064","Info","Medium"
"2026-06-05 15:50:36","Processes","ProcessSnapshot","Process","AmdPpkgSvc","C:\WINDOWS\System32\DriverStore\FileRepository\amdppkg.inf_amd64_5fd171e24453b255\AmdPpkgSvc.exe","3276","Info","Medium"
"2026-06-05 15:50:36","Processes","ProcessSnapshot","Process","AMDRSServ","C:\Program Files\AMD\CNext\CNext\AMDRSServ.exe","10528","Info","Medium"
"2026-06-05 15:50:36","Processes","ProcessSnapshot","Process","AMDRSSrcExt","C:\Program Files\AMD\CNext\CNext\AMDRSSrcExt.exe","10756","Info","Medium"
"2026-06-05 15:50:36","Processes","ProcessSnapshot","Process","ApplicationFrameHost","C:\WINDOWS\system32\ApplicationFrameHost.exe","5668","Info","Medium"
"2026-06-05 15:50:36","Processes","ProcessSnapshot","Process","atieclxx","C:\WINDOWS\System32\DriverStore\FileRepository\u0201164.inf_amd64_56e26dabda1a22f9\B026083\atieclxx.exe","1220","Info","Medium"
"2026-06-05 15:50:36","Processes","ProcessSnapshot","Process","atiesrxx","C:\WINDOWS\System32\DriverStore\FileRepository\u0201164.inf_amd64_56e26dabda1a22f9\B026083\atiesrxx.exe","10964","Info","Medium"
"2026-06-05 15:50:36","Processes","ProcessSnapshot","Process","audiodg","C:\WINDOWS\system32\AUDIODG.EXE","10228","Info","Medium"
"2026-06-05 15:50:36","Processes","ProcessSnapshot","Process","backgroundTaskHost","C:\WINDOWS\system32\backgroundTaskHost.exe","14088","Info","Medium"
"2026-06-05 15:50:36","Processes","ProcessSnapshot","Process","bitsumsessionagent","C:\Program Files\Process Lasso\bitsumsessionagent.exe","6004","Info","Medium"
"2026-06-05 15:50:36","Processes","ProcessSnapshot","Process","brave","C:\Program Files\BraveSoftware\Brave-Browser\Application\brave.exe","1008","Info","Medium"
"2026-06-05 15:50:36","Processes","ProcessSnapshot","Process","brave","C:\Program Files\BraveSoftware\Brave-Browser\Application\brave.exe","1488","Info","Medium"
"2026-06-05 15:50:36","Processes","ProcessSnapshot","Process","brave","C:\Program Files\BraveSoftware\Brave-Browser\Application\brave.exe","2316","Info","Medium"
"2026-06-05 15:50:36","Processes","ProcessSnapshot","Process","brave","C:\Program Files\BraveSoftware\Brave-Browser\Application\brave.exe","5512","Info","Medium"
"2026-06-05 15:50:36","Processes","ProcessSnapshot","Process","brave","C:\Program Files\BraveSoftware\Brave-Browser\Application\brave.exe","6392","Info","Medium"
"2026-06-05 15:50:36","Processes","ProcessSnapshot","Process","brave","C:\Program Files\BraveSoftware\Brave-Browser\Application\brave.exe","9592","Info","Medium"
"2026-06-05 15:50:36","Processes","ProcessSnapshot","Process","brave","C:\Program Files\BraveSoftware\Brave-Browser\Application\brave.exe","9916","Info","Medium"
"2026-06-05 15:50:36","Processes","ProcessSnapshot","Process","brave","C:\Program Files\BraveSoftware\Brave-Browser\Application\brave.exe","10920","Info","Medium"
"2026-06-05 15:50:36","Processes","ProcessSnapshot","Process","brave","C:\Program Files\BraveSoftware\Brave-Browser\Application\brave.exe","10928","Info","Medium"
"2026-06-05 15:50:36","Processes","ProcessSnapshot","Process","brave","C:\Program Files\BraveSoftware\Brave-Browser\Application\brave.exe","11380","Info","Medium"
"2026-06-05 15:50:36","Processes","ProcessSnapshot","Process","brave","C:\Program Files\BraveSoftware\Brave-Browser\Application\brave.exe","12012","Info","Medium"
"2026-06-05 15:50:36","Processes","ProcessSnapshot","Process","brave","C:\Program Files\BraveSoftware\Brave-Browser\Application\brave.exe","12112","Info","Medium"
"2026-06-05 15:50:36","Processes","ProcessSnapshot","Process","brave","C:\Program Files\BraveSoftware\Brave-Browser\Application\brave.exe","12716","Info","Medium"
"2026-06-05 15:50:36","Processes","ProcessSnapshot","Process","brave","C:\Program Files\BraveSoftware\Brave-Browser\Application\brave.exe","12980","Info","Medium"
"2026-06-05 15:50:36","Processes","ProcessSnapshot","Process","brave","C:\Program Files\BraveSoftware\Brave-Browser\Application\brave.exe","14144","Info","Medium"
"2026-06-05 15:50:36","Processes","ProcessSnapshot","Process","BraveCrashHandler","C:\Program Files (x86)\BraveSoftware\Update\1.3.361.151\BraveCrashHandler.exe","3884","Info","Medium"
"2026-06-05 15:50:36","Processes","ProcessSnapshot","Process","BraveCrashHandler64","C:\Program Files (x86)\BraveSoftware\Update\1.3.361.151\BraveCrashHandler64.exe","6160","Info","Medium"
"2026-06-05 15:50:36","Processes","ProcessSnapshot","Process","cmd","C:\WINDOWS\system32\cmd.exe","6664","Info","Medium"
"2026-06-05 15:50:36","Processes","ProcessSnapshot","Process","cncmd","C:\Program Files\AMD\CNext\CNext\cncmd.exe","1328","Info","Medium"
"2026-06-05 15:50:36","Processes","ProcessSnapshot","Process","conhost","C:\WINDOWS\system32\conhost.exe","4160","Info","Medium"
"2026-06-05 15:50:36","Processes","ProcessSnapshot","Process","conhost","C:\WINDOWS\system32\conhost.exe","5276","Info","Medium"
"2026-06-05 15:50:36","Processes","ProcessSnapshot","Process","conhost","C:\WINDOWS\system32\conhost.exe","10040","Info","Medium"
"2026-06-05 15:50:36","Processes","ProcessSnapshot","Process","conhost","C:\WINDOWS\system32\conhost.exe","11344","Info","Medium"
"2026-06-05 15:50:36","Processes","ProcessSnapshot","Process","conhost","C:\WINDOWS\system32\conhost.exe","11708","Info","Medium"
"2026-06-05 15:50:36","Processes","ProcessSnapshot","Process","conhost","C:\WINDOWS\system32\conhost.exe","12508","Info","Medium"
"2026-06-05 15:50:36","Processes","ProcessSnapshot","Process","CPUMetricsServer","C:\Program Files\AMD\CNext\CNext\cpumetricsserver.exe","4168","Info","Medium"
"2026-06-05 15:50:36","Processes","ProcessSnapshot","Process","csrss","","680","Info","Medium"
"2026-06-05 15:50:36","Processes","ProcessSnapshot","Process","csrss","","1176","Info","Medium"
"2026-06-05 15:50:36","Processes","ProcessSnapshot","Process","ctfmon","C:\WINDOWS\system32\ctfmon.exe","7992","Info","Medium"
"2026-06-05 15:50:36","Processes","ProcessSnapshot","Process","dasHost","C:\WINDOWS\system32\dashost.exe","3608","Info","Medium"
"2026-06-05 15:50:36","Processes","ProcessSnapshot","Process","Discord","C:\Users\Bruhs\AppData\Local\Discord\app-1.0.9240\Discord.exe","4888","Info","Medium"
"2026-06-05 15:50:36","Processes","ProcessSnapshot","Process","Discord","C:\Users\Bruhs\AppData\Local\Discord\app-1.0.9240\Discord.exe","7732","Info","Medium"
"2026-06-05 15:50:36","Processes","ProcessSnapshot","Process","Discord","C:\Users\Bruhs\AppData\Local\Discord\app-1.0.9240\Discord.exe","8896","Info","Medium"
"2026-06-05 15:50:36","Processes","ProcessSnapshot","Process","Discord","C:\Users\Bruhs\AppData\Local\Discord\app-1.0.9240\Discord.exe","9072","Info","Medium"
"2026-06-05 15:50:36","Processes","ProcessSnapshot","Process","Discord","C:\Users\Bruhs\AppData\Local\Discord\app-1.0.9240\Discord.exe","9464","Info","Medium"
"2026-06-05 15:50:36","Processes","ProcessSnapshot","Process","Discord","C:\Users\Bruhs\AppData\Local\Discord\app-1.0.9240\Discord.exe","9664","Info","Medium"
"2026-06-05 15:50:36","Processes","ProcessSnapshot","Process","DiscordSystemHelper","C:\Users\Bruhs\AppData\Local\Discord\app-1.0.9240\modules\discord_utils-1\discord_utils\DiscordSystemHelper.exe","10220","Info","Medium"
"2026-06-05 15:50:36","Processes","ProcessSnapshot","Process","DiscordSystemHelper","C:\Users\Bruhs\AppData\Local\Discord\app-1.0.9240\modules\discord_utils-1\discord_utils\DiscordSystemHelper.exe","10276","Info","Medium"
"2026-06-05 15:50:36","Processes","ProcessSnapshot","Process","dllhost","C:\WINDOWS\system32\DllHost.exe","2428","Info","Medium"
"2026-06-05 15:50:36","Processes","ProcessSnapshot","Process","dllhost","C:\WINDOWS\system32\DllHost.exe","7772","Info","Medium"
"2026-06-05 15:50:36","Processes","ProcessSnapshot","Process","dllhost","C:\WINDOWS\system32\DllHost.exe","8684","Info","Medium"
"2026-06-05 15:50:36","Processes","ProcessSnapshot","Process","dllhost","C:\WINDOWS\system32\DllHost.exe","8724","Info","Medium"
"2026-06-05 15:50:36","Processes","ProcessSnapshot","Process","dwm","C:\WINDOWS\system32\dwm.exe","1696","Info","Medium"
"2026-06-05 15:50:36","Processes","ProcessSnapshot","Process","ep_dwm_svc","C:\Program Files\ExplorerPatcher\ep_dwm_svc.exe","3292","Info","Medium"
"2026-06-05 15:50:36","Processes","ProcessSnapshot","Process","ExitLagPmService","C:\Program Files\ExitLag\ExitLagPmService.exe","3316","Info","Medium"
"2026-06-05 15:50:36","Processes","ProcessSnapshot","Process","exmtweaksservice","C:\Program Files\EXM\resources\app.asar.unpacked\windows-service\src\daemon\exmtweaksservice.exe","3324","Info","Medium"
"2026-06-05 15:50:36","Processes","ProcessSnapshot","Process","explorer","C:\WINDOWS\Explorer.EXE","6772","Info","Medium"
"2026-06-05 15:50:36","Processes","ProcessSnapshot","Process","Fleasion-v2.0.1","C:\Users\Bruhs\Downloads\Fleasion-v2.0.1.exe","4396","Info","Medium"
"2026-06-05 15:50:36","Processes","ProcessSnapshot","Process","Fleasion-v2.0.1","C:\Users\Bruhs\Downloads\Fleasion-v2.0.1.exe","5356","Info","Medium"
"2026-06-05 15:50:36","Processes","ProcessSnapshot","Process","fontdrvhost","C:\WINDOWS\system32\fontdrvhost.exe","1492","Info","Medium"
"2026-06-05 15:50:36","Processes","ProcessSnapshot","Process","fontdrvhost","C:\WINDOWS\system32\fontdrvhost.exe","1500","Info","Medium"
"2026-06-05 15:50:36","Processes","ProcessSnapshot","Process","FxSound","C:\Program Files\FxSound LLC\FxSound\FxSound.exe","8068","Info","Medium"
"2026-06-05 15:50:36","Processes","ProcessSnapshot","Process","Idle","","0","Info","Medium"
"2026-06-05 15:50:36","Processes","ProcessSnapshot","Process","Intelligent standby list cleaner ISLC_1","C:\Users\Bruhs\Downloads\ISLC v1.0.4.5\Intelligent standby list cleaner ISLC_1.exe","10644","Info","Medium"
"2026-06-05 15:50:36","Processes","ProcessSnapshot","Process","LsaIso","","1336","Info","Medium"
"2026-06-05 15:50:36","Processes","ProcessSnapshot","Process","lsass","","1344","Info","Medium"
"2026-06-05 15:50:36","Processes","ProcessSnapshot","Process","MpDefenderCoreService","","3368","Info","Medium"
"2026-06-05 15:50:36","Processes","ProcessSnapshot","Process","MsMpEng","","3408","Info","Medium"
"2026-06-05 15:50:36","Processes","ProcessSnapshot","Process","MSPCManagerService","C:\Program Files\WindowsApps\Microsoft.MicrosoftPCManager_3.20.9.0_x64__8wekyb3d8bbwe\PCManager\MSPCManagerService.exe","3856","Info","Medium"
"2026-06-05 15:50:36","Processes","ProcessSnapshot","Process","NgcIso","","5528","Info","Medium"
"2026-06-05 15:50:36","Processes","ProcessSnapshot","Process","NisSrv","","5712","Info","Medium"
"2026-06-05 15:50:36","Processes","ProcessSnapshot","Process","node","C:\ProgramData\EXM\node\node.exe","5260","Info","Medium"
"2026-06-05 15:50:36","Processes","ProcessSnapshot","Process","node","C:\ProgramData\EXM\node\node.exe","5680","Info","Medium"
"2026-06-05 15:50:36","Processes","ProcessSnapshot","Process","OpenCode","C:\Users\Bruhs\AppData\Local\Programs\@opencode-aidesktop\OpenCode.exe","3488","Info","Medium"
"2026-06-05 15:50:36","Processes","ProcessSnapshot","Process","OpenCode","C:\Users\Bruhs\AppData\Local\Programs\@opencode-aidesktop\OpenCode.exe","6508","Info","Medium"
"2026-06-05 15:50:36","Processes","ProcessSnapshot","Process","OpenCode","C:\Users\Bruhs\AppData\Local\Programs\@opencode-aidesktop\OpenCode.exe","8292","Info","Medium"
"2026-06-05 15:50:36","Processes","ProcessSnapshot","Process","OpenCode","C:\Users\Bruhs\AppData\Local\Programs\@opencode-aidesktop\OpenCode.exe","11652","Info","Medium"
"2026-06-05 15:50:36","Processes","ProcessSnapshot","Process","OpenCode","C:\Users\Bruhs\AppData\Local\Programs\@opencode-aidesktop\OpenCode.exe","11880","Info","Medium"
"2026-06-05 15:50:36","Processes","ProcessSnapshot","Process","OpenCode","C:\Users\Bruhs\AppData\Local\Programs\@opencode-aidesktop\OpenCode.exe","11952","Info","Medium"
"2026-06-05 15:50:36","Processes","ProcessSnapshot","Process","OpenCode","C:\Users\Bruhs\AppData\Local\Programs\@opencode-aidesktop\OpenCode.exe","13272","Info","Medium"
"2026-06-05 15:50:36","Processes","ProcessSnapshot","Process","Photos","C:\Program Files\WindowsApps\Microsoft.Windows.Photos_2026.11020.20001.0_x64__8wekyb3d8bbwe\Photos.exe","11504","Info","Medium"
"2026-06-05 15:50:36","Processes","ProcessSnapshot","Process","ProcessGovernor","C:\Program Files\Process Lasso\processgovernor.exe","3756","Info","Medium"
"2026-06-05 15:50:36","Processes","ProcessSnapshot","Process","pwsh","C:\Program Files\PowerShell\7\pwsh.exe","7164","Info","Medium"
"2026-06-05 15:50:36","Processes","ProcessSnapshot","Process","pwsh","C:\Program Files\PowerShell\7\pwsh.exe","13692","Info","Medium"
"2026-06-05 15:50:36","Processes","ProcessSnapshot","Process","RadeonSoftware","C:\Program Files\AMD\CNext\CNext\Radeonsoftware.exe","11564","Info","Medium"
"2026-06-05 15:50:36","Processes","ProcessSnapshot","Process","Registry","","232","Info","Medium"
"2026-06-05 15:50:36","Processes","ProcessSnapshot","Process","RtkAudUService64","C:\WINDOWS\System32\DriverStore\FileRepository\realtekservice.inf_amd64_352a59906845eb94\RtkAudUService64.exe","3392","Info","Medium"
"2026-06-05 15:50:36","Processes","ProcessSnapshot","Process","RuntimeBroker","C:\Windows\System32\RuntimeBroker.exe","6480","Info","Medium"
"2026-06-05 15:50:36","Processes","ProcessSnapshot","Process","RuntimeBroker","C:\Windows\System32\RuntimeBroker.exe","9460","Info","Medium"
"2026-06-05 15:50:36","Processes","ProcessSnapshot","Process","RuntimeBroker","C:\Windows\System32\RuntimeBroker.exe","12480","Info","Medium"
"2026-06-05 15:50:36","Processes","ProcessSnapshot","Process","SearchHost","C:\WINDOWS\SystemApps\MicrosoftWindows.Client.CBS_cw5n1h2txyewy\SearchHost.exe","4492","Info","Medium"
"2026-06-05 15:50:36","Processes","ProcessSnapshot","Process","Secure System","","188","Info","Medium"
"2026-06-05 15:50:36","Processes","ProcessSnapshot","Process","SecurityHealthService","","3400","Info","Medium"
"2026-06-05 15:50:36","Processes","ProcessSnapshot","Process","services","","1292","Info","Medium"
"2026-06-05 15:50:36","Processes","ProcessSnapshot","Process","ShareX","C:\Program Files\ShareX\ShareX.exe","13764","Info","Medium"
"2026-06-05 15:50:36","Processes","ProcessSnapshot","Process","ShellExperienceHost","C:\WINDOWS\SystemApps\ShellExperienceHost_cw5n1h2txyewy\ShellExperienceHost.exe","6876","Info","Medium"
"2026-06-05 15:50:36","Processes","ProcessSnapshot","Process","ShellHost","C:\Windows\System32\ShellHost.exe","6920","Info","Medium"
"2026-06-05 15:50:36","Processes","ProcessSnapshot","Process","sihost","C:\WINDOWS\system32\sihost.exe","3164","Info","Medium"
"2026-06-05 15:50:36","Processes","ProcessSnapshot","Process","smartscreen","C:\Windows\System32\smartscreen.exe","4916","Info","Medium"
"2026-06-05 15:50:36","Processes","ProcessSnapshot","Process","smss","","704","Info","Medium"
"2026-06-05 15:50:36","Processes","ProcessSnapshot","Process","Spotify","C:\Users\Bruhs\AppData\Roaming\Spotify\Spotify.exe","1880","Info","Medium"
"2026-06-05 15:50:36","Processes","ProcessSnapshot","Process","Spotify","C:\Users\Bruhs\AppData\Roaming\Spotify\Spotify.exe","6192","Info","Medium"
"2026-06-05 15:50:36","Processes","ProcessSnapshot","Process","Spotify","C:\Users\Bruhs\AppData\Roaming\Spotify\Spotify.exe","6388","Info","Medium"
"2026-06-05 15:50:36","Processes","ProcessSnapshot","Process","Spotify","C:\Users\Bruhs\AppData\Roaming\Spotify\Spotify.exe","7756","Info","Medium"
"2026-06-05 15:50:36","Processes","ProcessSnapshot","Process","Spotify","C:\Users\Bruhs\AppData\Roaming\Spotify\Spotify.exe","9008","Info","Medium"
"2026-06-05 15:50:36","Processes","ProcessSnapshot","Process","Spotify","C:\Users\Bruhs\AppData\Roaming\Spotify\Spotify.exe","9416","Info","Medium"
"2026-06-05 15:50:36","Processes","ProcessSnapshot","Process","Spotify","C:\Users\Bruhs\AppData\Roaming\Spotify\Spotify.exe","10508","Info","Medium"
"2026-06-05 15:50:36","Processes","ProcessSnapshot","Process","srvstub","C:\Program Files\Process Lasso\srvstub.exe","3340","Info","Medium"
"2026-06-05 15:50:36","Processes","ProcessSnapshot","Process","StartMenuExperienceHost","C:\WINDOWS\SystemApps\Microsoft.Windows.StartMenuExperienceHost_cw5n1h2txyewy\StartMenuExperienceHost.exe","6292","Info","Medium"
"2026-06-05 15:50:36","Processes","ProcessSnapshot","Process","SteelSeriesEngine","C:\Program Files\SteelSeries\GG\apps\engine\SteelSeriesEngine.exe","4892","Info","Medium"
"2026-06-05 15:50:36","Processes","ProcessSnapshot","Process","SteelSeriesGG","C:\Program Files\SteelSeries\GG\SteelSeriesGG.exe","10956","Info","Medium"
"2026-06-05 15:50:36","Processes","ProcessSnapshot","Process","SteelSeriesPrism","C:\Program Files\SteelSeries\GG\apps\engine\prism\SteelSeriesPrism.exe","10736","Info","Medium"
"2026-06-05 15:50:36","Processes","ProcessSnapshot","Process","SteelSeriesSonar","C:\Program Files\SteelSeries\GG\apps\sonar\SteelSeriesSonar.exe","9660","Info","Medium"
"2026-06-05 15:50:36","Processes","ProcessSnapshot","Process","svchost","C:\WINDOWS\system32\svchost.exe","688","Info","Medium"
"2026-06-05 15:50:36","Processes","ProcessSnapshot","Process","svchost","C:\WINDOWS\System32\svchost.exe","1060","Info","Medium"
"2026-06-05 15:50:36","Processes","ProcessSnapshot","Process","svchost","C:\WINDOWS\system32\svchost.exe","1160","Info","Medium"
"2026-06-05 15:50:36","Processes","ProcessSnapshot","Process","svchost","C:\WINDOWS\system32\svchost.exe","1476","Info","Medium"
"2026-06-05 15:50:36","Processes","ProcessSnapshot","Process","svchost","C:\WINDOWS\system32\svchost.exe","1556","Info","Medium"
"2026-06-05 15:50:36","Processes","ProcessSnapshot","Process","svchost","C:\WINDOWS\system32\svchost.exe","1764","Info","Medium"
"2026-06-05 15:50:36","Processes","ProcessSnapshot","Process","svchost","C:\WINDOWS\System32\svchost.exe","1824","Info","Medium"
"2026-06-05 15:50:36","Processes","ProcessSnapshot","Process","svchost","C:\WINDOWS\system32\svchost.exe","1864","Info","Medium"
"2026-06-05 15:50:36","Processes","ProcessSnapshot","Process","svchost","C:\WINDOWS\system32\svchost.exe","1904","Info","Medium"
"2026-06-05 15:50:36","Processes","ProcessSnapshot","Process","svchost","C:\WINDOWS\System32\svchost.exe","2032","Info","Medium"
"2026-06-05 15:50:36","Processes","ProcessSnapshot","Process","svchost","C:\WINDOWS\system32\svchost.exe","2224","Info","Medium"
"2026-06-05 15:50:36","Processes","ProcessSnapshot","Process","svchost","C:\WINDOWS\system32\svchost.exe","2692","Info","Medium"
"2026-06-05 15:50:36","Processes","ProcessSnapshot","Process","svchost","C:\WINDOWS\System32\svchost.exe","2764","Info","Medium"
"2026-06-05 15:50:36","Processes","ProcessSnapshot","Process","svchost","C:\WINDOWS\system32\svchost.exe","2840","Info","Medium"
"2026-06-05 15:50:36","Processes","ProcessSnapshot","Process","svchost","C:\WINDOWS\system32\svchost.exe","2932","Info","Medium"
"2026-06-05 15:50:36","Processes","ProcessSnapshot","Process","svchost","C:\WINDOWS\system32\svchost.exe","2956","Info","Medium"
"2026-06-05 15:50:36","Processes","ProcessSnapshot","Process","svchost","C:\WINDOWS\system32\svchost.exe","2980","Info","Medium"
"2026-06-05 15:50:36","Processes","ProcessSnapshot","Process","svchost","C:\WINDOWS\system32\svchost.exe","3084","Info","Medium"
"2026-06-05 15:50:36","Processes","ProcessSnapshot","Process","svchost","C:\WINDOWS\system32\svchost.exe","3172","Info","Medium"
"2026-06-05 15:50:36","Processes","ProcessSnapshot","Process","svchost","","3196","Info","Medium"
"2026-06-05 15:50:36","Processes","ProcessSnapshot","Process","svchost","C:\WINDOWS\system32\svchost.exe","3248","Info","Medium"
"2026-06-05 15:50:36","Processes","ProcessSnapshot","Process","svchost","C:\WINDOWS\system32\svchost.exe","3268","Info","Medium"
"2026-06-05 15:50:36","Processes","ProcessSnapshot","Process","svchost","C:\WINDOWS\System32\svchost.exe","3304","Info","Medium"
"2026-06-05 15:50:36","Processes","ProcessSnapshot","Process","svchost","C:\WINDOWS\system32\svchost.exe","4788","Info","Medium"
"2026-06-05 15:50:36","Processes","ProcessSnapshot","Process","svchost","C:\WINDOWS\System32\svchost.exe","5036","Info","Medium"
"2026-06-05 15:50:36","Processes","ProcessSnapshot","Process","svchost","C:\WINDOWS\system32\svchost.exe","5092","Info","Medium"
"2026-06-05 15:50:36","Processes","ProcessSnapshot","Process","svchost","C:\WINDOWS\system32\svchost.exe","5836","Info","Medium"
"2026-06-05 15:50:36","Processes","ProcessSnapshot","Process","svchost","C:\WINDOWS\system32\svchost.exe","6556","Info","Medium"
"2026-06-05 15:50:36","Processes","ProcessSnapshot","Process","svchost","C:\WINDOWS\system32\svchost.exe","10176","Info","Medium"
"2026-06-05 15:50:36","Processes","ProcessSnapshot","Process","svchost","","11592","Info","Medium"
"2026-06-05 15:50:36","Processes","ProcessSnapshot","Process","svchost","C:\WINDOWS\System32\svchost.exe","11692","Info","Medium"
"2026-06-05 15:50:36","Processes","ProcessSnapshot","Process","svchost","C:\WINDOWS\system32\svchost.exe","13612","Info","Medium"
"2026-06-05 15:50:36","Processes","ProcessSnapshot","Process","System","","4","Info","Medium"
"2026-06-05 15:50:36","Processes","ProcessSnapshot","Process","SystemSettings","C:\Windows\ImmersiveControlPanel\SystemSettings.exe","12744","Info","Medium"
"2026-06-05 15:50:36","Processes","ProcessSnapshot","Process","taskhostw","C:\WINDOWS\system32\taskhostw.exe","6612","Info","Medium"
"2026-06-05 15:50:36","Processes","ProcessSnapshot","Process","TextInputHost","C:\WINDOWS\SystemApps\MicrosoftWindows.Client.CBS_cw5n1h2txyewy\TextInputHost.exe","9136","Info","Medium"
"2026-06-05 15:50:36","Processes","ProcessSnapshot","Process","vgtray","C:\Program Files\Riot Vanguard\vgtray.exe","10940","Info","Medium"
"2026-06-05 15:50:36","Processes","ProcessSnapshot","Process","warp-svc","C:\Program Files\Cloudflare\Cloudflare WARP\warp-svc.exe","3576","Info","Medium"
"2026-06-05 15:50:36","Processes","ProcessSnapshot","Process","wininit","","1168","Info","Medium"
"2026-06-05 15:50:36","Processes","ProcessSnapshot","Process","winlogon","C:\WINDOWS\system32\winlogon.exe","1272","Info","Medium"
"2026-06-05 15:50:36","Processes","ProcessSnapshot","Process","WmiPrvSE","C:\WINDOWS\system32\wbem\wmiprvse.exe","4292","Info","Medium"
"2026-06-05 15:50:37","Defender","SecurityProduct","RealTimeProtection","Real-Time Protection","","True","Info","High"
"2026-06-05 15:50:37","Defender","SecurityProduct","AntivirusEnabled","Antivirus Enabled","","True","Info","High"
"2026-06-05 15:50:37","Defender","SecurityProduct","AntispywareEnabled","Antispyware Enabled","","True","Info","High"
"2026-06-05 15:50:37","Defender","SecurityProduct","Exclusions","Defender Exclusions","","None","Info","High"
"2026-06-05 15:50:37","Downloads","FileArtifact","Download","01fwnxv.png","C:\Users\Bruhs\Downloads\01fwnxv.png","2026-06-02 03:31:47","Info","Medium"
"2026-06-05 15:50:37","Downloads","FileArtifact","Download","1n60t38.png","C:\Users\Bruhs\Downloads\1n60t38.png","2026-06-02 02:51:50","Info","Medium"
"2026-06-05 15:50:37","Downloads","FileArtifact","Download","5542mt0.png","C:\Users\Bruhs\Downloads\5542mt0.png","2026-05-28 16:42:58","Info","Medium"
"2026-06-05 15:50:37","Downloads","FileArtifact","Download","633wkd0.png","C:\Users\Bruhs\Downloads\633wkd0.png","2026-05-25 16:01:25","Info","Medium"
"2026-06-05 15:50:37","Downloads","FileArtifact","Download","amd-software-adrenalin-edition-26.6.1-minimalsetup-260601_web (1).exe","C:\Users\Bruhs\Downloads\amd-software-adrenalin-edition-26.6.1-minimalsetup-260601_web (1).exe","2026-06-05 14:28:05","Info","Medium"
"2026-06-05 15:50:37","Downloads","FileArtifact","Download","amd-software-adrenalin-edition-26.6.1-minimalsetup-260601_web.exe","C:\Users\Bruhs\Downloads\amd-software-adrenalin-edition-26.6.1-minimalsetup-260601_web.exe","2026-06-04 19:50:40","Info","Medium"
"2026-06-05 15:50:37","Downloads","FileArtifact","Download","arrow-4b04338f.zip","C:\Users\Bruhs\Downloads\arrow-4b04338f.zip","2026-06-02 03:12:31","Info","Medium"
"2026-06-05 15:50:37","Downloads","FileArtifact","Download","AutoClicker.exe","C:\Users\Bruhs\Downloads\AutoClicker.exe","2026-05-28 23:22:26","Info","Medium"
"2026-06-05 15:50:37","Downloads","FileArtifact","Download","bedrock-server-1.26.23.1.zip","C:\Users\Bruhs\Downloads\bedrock-server-1.26.23.1.zip","2026-05-30 01:26:06","Info","Medium"
"2026-06-05 15:50:37","Downloads","FileArtifact","Download","brave_screenshot_www.youtube.com (1).png","C:\Users\Bruhs\Downloads\brave_screenshot_www.youtube.com (1).png","2026-05-29 20:41:37","Info","Medium"
"2026-06-05 15:50:37","Downloads","FileArtifact","Download","brave_screenshot_www.youtube.com.png","C:\Users\Bruhs\Downloads\brave_screenshot_www.youtube.com.png","2026-05-29 20:39:39","Info","Medium"
"2026-06-05 15:50:37","Downloads","FileArtifact","Download","CapCut_7646584533655175199_installer.exe","C:\Users\Bruhs\Downloads\CapCut_7646584533655175199_installer.exe","2026-06-01 19:13:26","Info","Medium"
"2026-06-05 15:50:37","Downloads","FileArtifact","Download","Claude Setup.exe","C:\Users\Bruhs\Downloads\Claude Setup.exe","2026-05-31 02:50:28","Info","Medium"
"2026-06-05 15:50:37","Downloads","FileArtifact","Download","Codex Installer.exe","C:\Users\Bruhs\Downloads\Codex Installer.exe","2026-05-31 02:49:45","Info","Medium"
"2026-06-05 15:50:37","Downloads","FileArtifact","Download","dfge.png","C:\Users\Bruhs\Downloads\dfge.png","2026-05-25 01:07:02","Info","Medium"
"2026-06-05 15:50:37","Downloads","FileArtifact","Download","DiscordSetup.exe","C:\Users\Bruhs\Downloads\DiscordSetup.exe","2026-05-23 17:36:24","Info","Medium"
"2026-06-05 15:50:37","Downloads","FileArtifact","Download","E-girlv2.zip","C:\Users\Bruhs\Downloads\E-girlv2.zip","2026-05-25 01:05:24","Info","Medium"
"2026-06-05 15:50:37","Downloads","FileArtifact","Download","evw_free_easeus.exe","C:\Users\Bruhs\Downloads\evw_free_easeus.exe","2026-05-25 00:08:29","Info","Medium"
"2026-06-05 15:50:37","Downloads","FileArtifact","Download","fdsfsdfsdpng.png","C:\Users\Bruhs\Downloads\fdsfsdfsdpng.png","2026-05-25 00:58:49","Info","Medium"
"2026-06-05 15:50:37","Downloads","FileArtifact","Download","Fleasion-v2.0.1.exe","C:\Users\Bruhs\Downloads\Fleasion-v2.0.1.exe","2026-05-27 14:44:15","Info","Medium"
"2026-06-05 15:50:37","Downloads","FileArtifact","Download","Froststrap-v1.5.0.exe","C:\Users\Bruhs\Downloads\Froststrap-v1.5.0.exe","2026-05-23 17:48:04","Info","Medium"
"2026-06-05 15:50:37","Downloads","FileArtifact","Download","Gemma-3-1B-it-GLM-4.7-Flash-Heretic-Uncensored-Thinking_F16.gguf","C:\Users\Bruhs\Downloads\Gemma-3-1B-it-GLM-4.7-Flash-Heretic-Uncensored-Thinking_F16.gguf","2026-05-31 03:13:35","Info","Medium"
"2026-06-05 15:50:37","Downloads","FileArtifact","Download","Git-2.54.0-64-bit.exe","C:\Users\Bruhs\Downloads\Git-2.54.0-64-bit.exe","2026-06-05 14:49:01","Info","Medium"
"2026-06-05 15:50:37","Downloads","FileArtifact","Download","GitHubDesktopSetup-x64.exe","C:\Users\Bruhs\Downloads\GitHubDesktopSetup-x64.exe","2026-06-05 03:54:14","Info","Medium"
"2026-06-05 15:50:37","Downloads","FileArtifact","Download","gorillas_KLICKAUD.mp3","C:\Users\Bruhs\Downloads\gorillas_KLICKAUD.mp3","2026-06-02 03:09:12","Info","Medium"
"2026-06-05 15:50:37","Downloads","FileArtifact","Download","hashes.sha256","C:\Users\Bruhs\Downloads\hashes.sha256","2026-06-05 05:10:10","Info","Medium"
"2026-06-05 15:50:37","Downloads","FileArtifact","Download","image-2.png","C:\Users\Bruhs\Downloads\image-2.png","2026-05-26 12:49:55","Info","Medium"
"2026-06-05 15:50:37","Downloads","FileArtifact","Download","image.png","C:\Users\Bruhs\Downloads\image.png","2026-06-04 16:29:08","Info","Medium"
"2026-06-05 15:50:37","Downloads","FileArtifact","Download","install (1).exe","C:\Users\Bruhs\Downloads\install (1).exe","2026-05-23 17:46:06","Info","Medium"
"2026-06-05 15:50:37","Downloads","FileArtifact","Download","Install VALORANT.exe","C:\Users\Bruhs\Downloads\Install VALORANT.exe","2026-05-29 20:01:42","Info","Medium"
"2026-06-05 15:50:37","Downloads","FileArtifact","Download","install.exe","C:\Users\Bruhs\Downloads\install.exe","2026-05-23 17:43:10","Info","Medium"
"2026-06-05 15:50:37","Downloads","FileArtifact","Download","ISLC v1.0.4.5.exe","C:\Users\Bruhs\Downloads\ISLC v1.0.4.5.exe","2026-05-31 01:29:05","Info","Medium"
"2026-06-05 15:50:37","Downloads","FileArtifact","Download","JTC-T2-Policy.zip","C:\Users\Bruhs\Downloads\JTC-T2-Policy.zip","2026-06-05 04:02:04","Info","Medium"
"2026-06-05 15:50:37","Downloads","FileArtifact","Download","Keyboard-Visualizer.zip","C:\Users\Bruhs\Downloads\Keyboard-Visualizer.zip","2026-06-05 04:06:29","Info","Medium"
"2026-06-05 15:50:37","Downloads","FileArtifact","Download","LittleRichh_-_WTF_KLICKAUD.mp3","C:\Users\Bruhs\Downloads\LittleRichh_-_WTF_KLICKAUD.mp3","2026-06-02 05:30:31","Info","Medium"
"2026-06-05 15:50:37","Downloads","FileArtifact","Download","LM-Studio-0.4.15-2-x64.exe","C:\Users\Bruhs\Downloads\LM-Studio-0.4.15-2-x64.exe","2026-05-31 02:57:52","Info","Medium"
"2026-06-05 15:50:37","Downloads","FileArtifact","Download","MaeASMR.zip","C:\Users\Bruhs\Downloads\MaeASMR.zip","2026-05-25 00:28:03","Info","Medium"
"2026-06-05 15:50:37","Downloads","FileArtifact","Download","MedalSetup.NjQyMTAzNjMyLDEsbm9yZWY=.exe","C:\Users\Bruhs\Downloads\MedalSetup.NjQyMTAzNjMyLDEsbm9yZWY=.exe","2026-05-23 23:36:38","Info","Medium"
"2026-06-05 15:50:37","Downloads","FileArtifact","Download","Microsoft Photos Installer.exe","C:\Users\Bruhs\Downloads\Microsoft Photos Installer.exe","2026-05-23 20:49:40","Info","Medium"
"2026-06-05 15:50:37","Downloads","FileArtifact","Download","MinecraftInstaller (1).exe","C:\Users\Bruhs\Downloads\MinecraftInstaller (1).exe","2026-05-30 01:33:36","Info","Medium"
"2026-06-05 15:50:37","Downloads","FileArtifact","Download","MinecraftInstaller.exe","C:\Users\Bruhs\Downloads\MinecraftInstaller.exe","2026-05-30 01:22:03","Info","Medium"
"2026-06-05 15:50:37","Downloads","FileArtifact","Download","MMVCServerSIO_win_onnxdirectML-cuda_v.1.5.3.18a.zip","C:\Users\Bruhs\Downloads\MMVCServerSIO_win_onnxdirectML-cuda_v.1.5.3.18a.zip","2026-05-25 00:16:10","Info","Medium"
"2026-06-05 15:50:37","Downloads","FileArtifact","Download","n8rd1mj (1).mov","C:\Users\Bruhs\Downloads\n8rd1mj (1).mov","2026-06-02 03:07:59","Info","Medium"
"2026-06-05 15:50:37","Downloads","FileArtifact","Download","n8rd1mj (2).mov","C:\Users\Bruhs\Downloads\n8rd1mj (2).mov","2026-06-02 05:21:52","Info","Medium"
"2026-06-05 15:50:37","Downloads","FileArtifact","Download","n8rd1mj.mov","C:\Users\Bruhs\Downloads\n8rd1mj.mov","2026-06-02 03:00:18","Info","Medium"
"2026-06-05 15:50:37","Downloads","FileArtifact","Download","n8rd1mj.mp4","C:\Users\Bruhs\Downloads\n8rd1mj.mp4","2026-06-02 02:55:09","Info","Medium"
"2026-06-05 15:50:37","Downloads","FileArtifact","Download","OllamaSetup.exe","C:\Users\Bruhs\Downloads\OllamaSetup.exe","2026-05-31 03:14:47","Info","Medium"
"2026-06-05 15:50:37","Downloads","FileArtifact","Download","On1_KLICKAUD.mp3","C:\Users\Bruhs\Downloads\On1_KLICKAUD.mp3","2026-06-02 05:14:23","Info","Medium"
"2026-06-05 15:50:37","Downloads","FileArtifact","Download","OpenCode Desktop Installer.exe","C:\Users\Bruhs\Downloads\OpenCode Desktop Installer.exe","2026-06-05 04:47:09","Info","Medium"
"2026-06-05 15:50:37","Downloads","FileArtifact","Download","osu!install (1).exe","C:\Users\Bruhs\Downloads\osu!install (1).exe","2026-05-23 17:44:07","Info","Medium"
"2026-06-05 15:50:37","Downloads","FileArtifact","Download","osu!install (2).exe","C:\Users\Bruhs\Downloads\osu!install (2).exe","2026-05-23 17:45:45","Info","Medium"
"2026-06-05 15:50:37","Downloads","FileArtifact","Download","osu!install.exe","C:\Users\Bruhs\Downloads\osu!install.exe","2026-05-23 17:43:20","Info","Medium"
"2026-06-05 15:50:37","Downloads","FileArtifact","Download","PowerShell-7.6.2-win-x64 (1).msi","C:\Users\Bruhs\Downloads\PowerShell-7.6.2-win-x64 (1).msi","2026-06-05 05:11:14","Info","Medium"
"2026-06-05 15:50:37","Downloads","FileArtifact","Download","PowerShell-7.6.2-win-x64.msi","C:\Users\Bruhs\Downloads\PowerShell-7.6.2-win-x64.msi","2026-05-28 14:22:04","Info","Medium"
"2026-06-05 15:50:37","Downloads","FileArtifact","Download","python-manager-26.2.msix","C:\Users\Bruhs\Downloads\python-manager-26.2.msix","2026-05-27 14:46:55","Info","Medium"
"2026-06-05 15:50:37","Downloads","FileArtifact","Download","QuickCpuSetup.msi","C:\Users\Bruhs\Downloads\QuickCpuSetup.msi","2026-05-30 02:25:48","Info","Medium"
"2026-06-05 15:50:37","Downloads","FileArtifact","Download","r6522h1.png","C:\Users\Bruhs\Downloads\r6522h1.png","2026-06-02 03:14:33","Info","Medium"
"2026-06-05 15:50:37","Downloads","FileArtifact","Download","Scholarship Essay.pdf","C:\Users\Bruhs\Downloads\Scholarship Essay.pdf","2026-05-31 15:58:46","Info","Medium"
"2026-06-05 15:50:37","Downloads","FileArtifact","Download","Screenshot_20260603_011306_com_discord_MainActivity_edit_50558266867847.jpg","C:\Users\Bruhs\Downloads\Screenshot_20260603_011306_com_discord_MainActivity_edit_50558266867847.jpg","2026-06-02 16:36:06","Info","Medium"
"2026-06-05 15:50:37","Downloads","FileArtifact","Download","Screenshot_20260603_012806_com_discord_MainActivity_edit_51459251015211.jpg","C:\Users\Bruhs\Downloads\Screenshot_20260603_012806_com_discord_MainActivity_edit_51459251015211.jpg","2026-06-02 16:36:00","Info","Medium"
"2026-06-05 15:50:37","Downloads","FileArtifact","Download","SetupExitLag-5.20.1-x64.exe","C:\Users\Bruhs\Downloads\SetupExitLag-5.20.1-x64.exe","2026-05-25 09:03:26","Info","Medium"
"2026-06-05 15:50:37","Downloads","FileArtifact","Download","ShareX-20.1.0-setup-x64.exe","C:\Users\Bruhs\Downloads\ShareX-20.1.0-setup-x64.exe","2026-05-23 22:40:47","Info","Medium"
"2026-06-05 15:50:37","Downloads","FileArtifact","Download","SpotifySetup.exe","C:\Users\Bruhs\Downloads\SpotifySetup.exe","2026-05-23 18:25:40","Info","Medium"
"2026-06-05 15:50:37","Downloads","FileArtifact","Download","Suspicious-Graphic-Process-Detector.zip","C:\Users\Bruhs\Downloads\Suspicious-Graphic-Process-Detector.zip","2026-06-05 04:04:34","Info","Medium"
"2026-06-05 15:50:37","Downloads","FileArtifact","Download","VBCABLE_Driver_Pack45.zip","C:\Users\Bruhs\Downloads\VBCABLE_Driver_Pack45.zip","2026-05-25 00:36:50","Info","Medium"
"2026-06-05 15:50:37","Downloads","FileArtifact","Download","VencordInstaller.exe","C:\Users\Bruhs\Downloads\VencordInstaller.exe","2026-05-23 17:50:06","Info","Medium"
"2026-06-05 15:50:37","Downloads","FileArtifact","Download","VoiceChanger64(2.02).exe","C:\Users\Bruhs\Downloads\VoiceChanger64(2.02).exe","2026-05-25 01:51:57","Info","Medium"
"2026-06-05 15:50:37","Downloads","FileArtifact","Download","voicewave_installer_20260524.17796856859655b4841814.exe","C:\Users\Bruhs\Downloads\voicewave_installer_20260524.17796856859655b4841814.exe","2026-05-25 00:08:07","Info","Medium"
"2026-06-05 15:50:37","Downloads","FileArtifact","Download","vpp8tjd.png","C:\Users\Bruhs\Downloads\vpp8tjd.png","2026-05-23 18:52:16","Info","Medium"
"2026-06-05 15:50:37","Downloads","FileArtifact","Download","vtuber.zip","C:\Users\Bruhs\Downloads\vtuber.zip","2026-05-25 00:57:33","Info","Medium"
"2026-06-05 15:50:37","Downloads","FileArtifact","Download","whql-amd-software-adrenalin-edition-26.6.1-win11-b.exe","C:\Users\Bruhs\Downloads\whql-amd-software-adrenalin-edition-26.6.1-win11-b.exe","2026-06-04 19:51:25","Info","Medium"
"2026-06-05 15:50:37","RegistryScan","RegistryArtifact","RegistryEntry","LangID","HKCU:\SOFTWARE\Classes\Local Settings\Software\Microsoft\Windows\Shell\MuiCache","System.Byte[]","Info","Medium"
"2026-06-05 15:50:37","RegistryScan","RegistryArtifact","RegistryEntry","C:\Users\Bruhs\Downloads\ISLC v1.0.3.7\Intelligent standby list cleaner ISLC.exe.FriendlyAppName","HKCU:\SOFTWARE\Classes\Local Settings\Software\Microsoft\Windows\Shell\MuiCache","Intelligent standby list cleaner ISLC","Info","Medium"
"2026-06-05 15:50:37","RegistryScan","RegistryArtifact","RegistryEntry","C:\Users\Bruhs\Downloads\ISLC v1.0.3.7\Intelligent standby list cleaner ISLC.exe.ApplicationCompany","HKCU:\SOFTWARE\Classes\Local Settings\Software\Microsoft\Windows\Shell\MuiCache","Wagnardsoft","Info","Medium"
"2026-06-05 15:50:37","RegistryScan","RegistryArtifact","RegistryEntry","C:\Windows\System32\OpenWith.exe.FriendlyAppName","HKCU:\SOFTWARE\Classes\Local Settings\Software\Microsoft\Windows\Shell\MuiCache","Pick an app","Info","Medium"
"2026-06-05 15:50:37","RegistryScan","RegistryArtifact","RegistryEntry","C:\Windows\System32\OpenWith.exe.ApplicationCompany","HKCU:\SOFTWARE\Classes\Local Settings\Software\Microsoft\Windows\Shell\MuiCache","Microsoft Corporation","Info","Medium"
"2026-06-05 15:50:37","RegistryScan","RegistryArtifact","RegistryEntry","C:\Program Files\Windows Photo Viewer\PhotoViewer.dll.FriendlyAppName","HKCU:\SOFTWARE\Classes\Local Settings\Software\Microsoft\Windows\Shell\MuiCache","Windows Photo Viewer","Info","Medium"
"2026-06-05 15:50:37","RegistryScan","RegistryArtifact","RegistryEntry","C:\Program Files\Windows Photo Viewer\PhotoViewer.dll.ApplicationCompany","HKCU:\SOFTWARE\Classes\Local Settings\Software\Microsoft\Windows\Shell\MuiCache","Microsoft Corporation","Info","Medium"
"2026-06-05 15:50:37","RegistryScan","RegistryArtifact","RegistryEntry","C:\Program Files (x86)\Windows Media Player\wmplayer.exe.FriendlyAppName","HKCU:\SOFTWARE\Classes\Local Settings\Software\Microsoft\Windows\Shell\MuiCache","Windows Media Player Legacy","Info","Medium"
"2026-06-05 15:50:37","RegistryScan","RegistryArtifact","RegistryEntry","C:\Program Files (x86)\Windows Media Player\wmplayer.exe.ApplicationCompany","HKCU:\SOFTWARE\Classes\Local Settings\Software\Microsoft\Windows\Shell\MuiCache","Microsoft Corporation","Info","Medium"
"2026-06-05 15:50:37","RegistryScan","RegistryArtifact","RegistryEntry","C:\Windows\System32\CredentialUIBroker.exe.FriendlyAppName","HKCU:\SOFTWARE\Classes\Local Settings\Software\Microsoft\Windows\Shell\MuiCache","Credential Manager UI Host","Info","Medium"
"2026-06-05 15:50:37","RegistryScan","RegistryArtifact","RegistryEntry","C:\Windows\System32\CredentialUIBroker.exe.ApplicationCompany","HKCU:\SOFTWARE\Classes\Local Settings\Software\Microsoft\Windows\Shell\MuiCache","Microsoft Corporation","Info","Medium"
"2026-06-05 15:50:37","RegistryScan","RegistryArtifact","RegistryEntry","C:\WINDOWS\Explorer.exe.FriendlyAppName","HKCU:\SOFTWARE\Classes\Local Settings\Software\Microsoft\Windows\Shell\MuiCache","Windows Explorer","Info","Medium"
"2026-06-05 15:50:37","RegistryScan","RegistryArtifact","RegistryEntry","C:\WINDOWS\Explorer.exe.ApplicationCompany","HKCU:\SOFTWARE\Classes\Local Settings\Software\Microsoft\Windows\Shell\MuiCache","Microsoft Corporation","Info","Medium"
"2026-06-05 15:50:37","RegistryScan","RegistryArtifact","RegistryEntry","C:\Users\Bruhs\Downloads\DiscordSetup.exe.FriendlyAppName","HKCU:\SOFTWARE\Classes\Local Settings\Software\Microsoft\Windows\Shell\MuiCache","Discord - https://discord.com/","Info","Medium"
"2026-06-05 15:50:37","RegistryScan","RegistryArtifact","RegistryEntry","C:\Users\Bruhs\Downloads\DiscordSetup.exe.ApplicationCompany","HKCU:\SOFTWARE\Classes\Local Settings\Software\Microsoft\Windows\Shell\MuiCache","Discord Inc.","Info","Medium"
"2026-06-05 15:50:37","RegistryScan","RegistryArtifact","RegistryEntry","C:\WINDOWS\system32\shell32.dll.FriendlyAppName","HKCU:\SOFTWARE\Classes\Local Settings\Software\Microsoft\Windows\Shell\MuiCache","Windows Shell Common Dll","Info","Medium"
"2026-06-05 15:50:37","RegistryScan","RegistryArtifact","RegistryEntry","C:\WINDOWS\system32\shell32.dll.ApplicationCompany","HKCU:\SOFTWARE\Classes\Local Settings\Software\Microsoft\Windows\Shell\MuiCache","Microsoft Corporation","Info","Medium"
"2026-06-05 15:50:37","RegistryScan","RegistryArtifact","RegistryEntry","C:\WINDOWS\system32\explorerframe.dll.FriendlyAppName","HKCU:\SOFTWARE\Classes\Local Settings\Software\Microsoft\Windows\Shell\MuiCache","ExplorerFrame","Info","Medium"
"2026-06-05 15:50:37","RegistryScan","RegistryArtifact","RegistryEntry","C:\WINDOWS\system32\explorerframe.dll.ApplicationCompany","HKCU:\SOFTWARE\Classes\Local Settings\Software\Microsoft\Windows\Shell\MuiCache","Microsoft Corporation","Info","Medium"
"2026-06-05 15:50:37","RegistryScan","RegistryArtifact","RegistryEntry","C:\Program Files (x86)\Steam\steam.exe.FriendlyAppName","HKCU:\SOFTWARE\Classes\Local Settings\Software\Microsoft\Windows\Shell\MuiCache","Steam","Info","Medium"
"2026-06-05 15:50:37","RegistryScan","RegistryArtifact","RegistryEntry","C:\Program Files (x86)\Steam\steam.exe.ApplicationCompany","HKCU:\SOFTWARE\Classes\Local Settings\Software\Microsoft\Windows\Shell\MuiCache","Valve Corporation","Info","Medium"
"2026-06-05 15:50:37","RegistryScan","RegistryArtifact","RegistryEntry","C:\Users\Bruhs\Downloads\osu!install.exe.FriendlyAppName","HKCU:\SOFTWARE\Classes\Local Settings\Software\Microsoft\Windows\Shell\MuiCache","osu!","Info","Medium"
"2026-06-05 15:50:37","RegistryScan","RegistryArtifact","RegistryEntry","C:\Users\Bruhs\Downloads\osu!install.exe.ApplicationCompany","HKCU:\SOFTWARE\Classes\Local Settings\Software\Microsoft\Windows\Shell\MuiCache","ppy","Info","Medium"
"2026-06-05 15:50:37","RegistryScan","RegistryArtifact","RegistryEntry","C:\Users\Bruhs\Downloads\osu!install (1).exe.FriendlyAppName","HKCU:\SOFTWARE\Classes\Local Settings\Software\Microsoft\Windows\Shell\MuiCache","osu!","Info","Medium"
"2026-06-05 15:50:37","RegistryScan","RegistryArtifact","RegistryEntry","C:\Users\Bruhs\Downloads\osu!install (1).exe.ApplicationCompany","HKCU:\SOFTWARE\Classes\Local Settings\Software\Microsoft\Windows\Shell\MuiCache","ppy","Info","Medium"
"2026-06-05 15:50:37","RegistryScan","RegistryArtifact","RegistryEntry","C:\Users\Bruhs\Downloads\osu!install (2).exe.FriendlyAppName","HKCU:\SOFTWARE\Classes\Local Settings\Software\Microsoft\Windows\Shell\MuiCache","osu!","Info","Medium"
"2026-06-05 15:50:37","RegistryScan","RegistryArtifact","RegistryEntry","C:\Users\Bruhs\Downloads\osu!install (2).exe.ApplicationCompany","HKCU:\SOFTWARE\Classes\Local Settings\Software\Microsoft\Windows\Shell\MuiCache","ppy","Info","Medium"
"2026-06-05 15:50:37","RegistryScan","RegistryArtifact","RegistryEntry","C:\Users\Bruhs\Downloads\install (1).exe.FriendlyAppName","HKCU:\SOFTWARE\Classes\Local Settings\Software\Microsoft\Windows\Shell\MuiCache","osu!(lazer)","Info","Medium"
"2026-06-05 15:50:37","RegistryScan","RegistryArtifact","RegistryEntry","C:\Users\Bruhs\Downloads\install (1).exe.ApplicationCompany","HKCU:\SOFTWARE\Classes\Local Settings\Software\Microsoft\Windows\Shell\MuiCache","ppy Pty Ltd","Info","Medium"
"2026-06-05 15:50:37","RegistryScan","RegistryArtifact","RegistryEntry","C:\Users\Bruhs\Downloads\Froststrap-v1.5.0.exe.FriendlyAppName","HKCU:\SOFTWARE\Classes\Local Settings\Software\Microsoft\Windows\Shell\MuiCache","Froststrap","Info","Medium"
"2026-06-05 15:50:37","RegistryScan","RegistryArtifact","RegistryEntry","C:\Users\Bruhs\Downloads\Froststrap-v1.5.0.exe.ApplicationCompany","HKCU:\SOFTWARE\Classes\Local Settings\Software\Microsoft\Windows\Shell\MuiCache","Froststrap","Info","Medium"
"2026-06-05 15:50:37","RegistryScan","RegistryArtifact","RegistryEntry","C:\Users\Bruhs\Downloads\VencordInstaller.exe.FriendlyAppName","HKCU:\SOFTWARE\Classes\Local Settings\Software\Microsoft\Windows\Shell\MuiCache","Vencord Installer","Info","Medium"
"2026-06-05 15:50:37","RegistryScan","RegistryArtifact","RegistryEntry","C:\Users\Bruhs\Downloads\VencordInstaller.exe.ApplicationCompany","HKCU:\SOFTWARE\Classes\Local Settings\Software\Microsoft\Windows\Shell\MuiCache","Vencord","Info","Medium"
"2026-06-05 15:50:37","RegistryScan","RegistryArtifact","RegistryEntry","C:\Windows\AtlasDesktop\3. General Configuration\Timer Resolution\! MeasureSleep.exe.FriendlyAppName","HKCU:\SOFTWARE\Classes\Local Settings\Software\Microsoft\Windows\Shell\MuiCache","! MeasureSleep.exe","Info","Medium"
"2026-06-05 15:50:37","RegistryScan","RegistryArtifact","RegistryEntry","C:\Windows\System32\cmd.exe.FriendlyAppName","HKCU:\SOFTWARE\Classes\Local Settings\Software\Microsoft\Windows\Shell\MuiCache","Windows Command Processor","Info","Medium"
"2026-06-05 15:50:37","RegistryScan","RegistryArtifact","RegistryEntry","C:\Windows\System32\cmd.exe.ApplicationCompany","HKCU:\SOFTWARE\Classes\Local Settings\Software\Microsoft\Windows\Shell\MuiCache","Microsoft Corporation","Info","Medium"
"2026-06-05 15:50:37","RegistryScan","RegistryArtifact","RegistryEntry","C:\Windows\System32\appresolver.dll.FriendlyAppName","HKCU:\SOFTWARE\Classes\Local Settings\Software\Microsoft\Windows\Shell\MuiCache","App Resolver","Info","Medium"
"2026-06-05 15:50:37","RegistryScan","RegistryArtifact","RegistryEntry","C:\Windows\System32\appresolver.dll.ApplicationCompany","HKCU:\SOFTWARE\Classes\Local Settings\Software\Microsoft\Windows\Shell\MuiCache","Microsoft Corporation","Info","Medium"
"2026-06-05 15:50:37","RegistryScan","RegistryArtifact","RegistryEntry","C:\Users\Bruhs\Downloads\SpotifySetup.exe.FriendlyAppName","HKCU:\SOFTWARE\Classes\Local Settings\Software\Microsoft\Windows\Shell\MuiCache","Spotify Installer","Info","Medium"
"2026-06-05 15:50:37","RegistryScan","RegistryArtifact","RegistryEntry","C:\Users\Bruhs\Downloads\SpotifySetup.exe.ApplicationCompany","HKCU:\SOFTWARE\Classes\Local Settings\Software\Microsoft\Windows\Shell\MuiCache","Spotify Ltd","Info","Medium"
"2026-06-05 15:50:37","RegistryScan","RegistryArtifact","RegistryEntry","C:\Users\Bruhs\AppData\Roaming\Spotify\Spotify.exe.FriendlyAppName","HKCU:\SOFTWARE\Classes\Local Settings\Software\Microsoft\Windows\Shell\MuiCache","Spotify","Info","Medium"
"2026-06-05 15:50:37","RegistryScan","RegistryArtifact","RegistryEntry","C:\Users\Bruhs\AppData\Roaming\Spotify\Spotify.exe.ApplicationCompany","HKCU:\SOFTWARE\Classes\Local Settings\Software\Microsoft\Windows\Shell\MuiCache","Spotify Ltd","Info","Medium"
"2026-06-05 15:50:37","RegistryScan","RegistryArtifact","RegistryEntry","C:\Windows\System32\WindowsPowerShell\v1.0\powershell.exe.FriendlyAppName","HKCU:\SOFTWARE\Classes\Local Settings\Software\Microsoft\Windows\Shell\MuiCache","Windows PowerShell","Info","Medium"
"2026-06-05 15:50:37","RegistryScan","RegistryArtifact","RegistryEntry","C:\Windows\System32\WindowsPowerShell\v1.0\powershell.exe.ApplicationCompany","HKCU:\SOFTWARE\Classes\Local Settings\Software\Microsoft\Windows\Shell\MuiCache","Microsoft Corporation","Info","Medium"
"2026-06-05 15:50:37","RegistryScan","RegistryArtifact","RegistryEntry","C:\Program Files\Process Lasso\ProcessLasso.exe.FriendlyAppName","HKCU:\SOFTWARE\Classes\Local Settings\Software\Microsoft\Windows\Shell\MuiCache","Process Lasso","Info","Medium"
"2026-06-05 15:50:37","RegistryScan","RegistryArtifact","RegistryEntry","C:\Program Files\Process Lasso\ProcessLasso.exe.ApplicationCompany","HKCU:\SOFTWARE\Classes\Local Settings\Software\Microsoft\Windows\Shell\MuiCache","Bitsum LLC","Info","Medium"
"2026-06-05 15:50:37","RegistryScan","RegistryArtifact","RegistryEntry","C:\Users\Bruhs\AppData\Local\Froststrap\Froststrap.exe.FriendlyAppName","HKCU:\SOFTWARE\Classes\Local Settings\Software\Microsoft\Windows\Shell\MuiCache","Froststrap","Info","Medium"
"2026-06-05 15:50:37","RegistryScan","RegistryArtifact","RegistryEntry","C:\Users\Bruhs\AppData\Local\Froststrap\Froststrap.exe.ApplicationCompany","HKCU:\SOFTWARE\Classes\Local Settings\Software\Microsoft\Windows\Shell\MuiCache","Froststrap","Info","Medium"
"2026-06-05 15:50:37","RegistryScan","RegistryArtifact","RegistryEntry","C:\Users\Bruhs\Downloads\Microsoft Photos Installer.exe.FriendlyAppName","HKCU:\SOFTWARE\Classes\Local Settings\Software\Microsoft\Windows\Shell\MuiCache","Store Installer","Info","Medium"
"2026-06-05 15:50:37","RegistryScan","RegistryArtifact","RegistryEntry","C:\Users\Bruhs\Downloads\Microsoft Photos Installer.exe.ApplicationCompany","HKCU:\SOFTWARE\Classes\Local Settings\Software\Microsoft\Windows\Shell\MuiCache","Microsoft Corporation","Info","Medium"
"2026-06-05 15:50:37","RegistryScan","RegistryArtifact","RegistryEntry","C:\Users\Bruhs\AppData\Local\Medal\app-2621.197.1\Medal.exe.FriendlyAppName","HKCU:\SOFTWARE\Classes\Local Settings\Software\Microsoft\Windows\Shell\MuiCache","Medal","Info","Medium"
"2026-06-05 15:50:37","RegistryScan","RegistryArtifact","RegistryEntry","C:\Users\Bruhs\AppData\Local\Medal\app-2621.197.1\Medal.exe.ApplicationCompany","HKCU:\SOFTWARE\Classes\Local Settings\Software\Microsoft\Windows\Shell\MuiCache","Medal B.V.","Info","Medium"
"2026-06-05 15:50:37","RegistryScan","RegistryArtifact","RegistryEntry","C:\Users\Bruhs\AppData\Local\osulazer\current\osu!.exe.FriendlyAppName","HKCU:\SOFTWARE\Classes\Local Settings\Software\Microsoft\Windows\Shell\MuiCache","osu!(lazer)","Info","Medium"
"2026-06-05 15:50:37","RegistryScan","RegistryArtifact","RegistryEntry","C:\Users\Bruhs\AppData\Local\osulazer\current\osu!.exe.ApplicationCompany","HKCU:\SOFTWARE\Classes\Local Settings\Software\Microsoft\Windows\Shell\MuiCache","ppy Pty Ltd","Info","Medium"
"2026-06-05 15:50:37","RegistryScan","RegistryArtifact","RegistryEntry","C:\program files (x86)\microsoft\edgewebview\application\143.0.3650.96\msedgewebview2.exe.FriendlyAppName","HKCU:\SOFTWARE\Classes\Local Settings\Software\Microsoft\Windows\Shell\MuiCache","Microsoft Edge WebView2","Info","Medium"
"2026-06-05 15:50:37","RegistryScan","RegistryArtifact","RegistryEntry","C:\program files (x86)\microsoft\edgewebview\application\143.0.3650.96\msedgewebview2.exe.ApplicationCompany","HKCU:\SOFTWARE\Classes\Local Settings\Software\Microsoft\Windows\Shell\MuiCache","Microsoft Corporation","Info","Medium"
"2026-06-05 15:50:37","RegistryScan","RegistryArtifact","RegistryEntry","C:\Windows\System32\PickerHost.exe.FriendlyAppName","HKCU:\SOFTWARE\Classes\Local Settings\Software\Microsoft\Windows\Shell\MuiCache","File Picker UI Host","Info","Medium"
"2026-06-05 15:50:37","RegistryScan","RegistryArtifact","RegistryEntry","C:\Windows\System32\PickerHost.exe.ApplicationCompany","HKCU:\SOFTWARE\Classes\Local Settings\Software\Microsoft\Windows\Shell\MuiCache","Microsoft Corporation","Info","Medium"
"2026-06-05 15:50:37","RegistryScan","RegistryArtifact","RegistryEntry","C:\Program Files\ShareX\ShareX.exe.FriendlyAppName","HKCU:\SOFTWARE\Classes\Local Settings\Software\Microsoft\Windows\Shell\MuiCache","ShareX","Info","Medium"
"2026-06-05 15:50:37","RegistryScan","RegistryArtifact","RegistryEntry","C:\Program Files\ShareX\ShareX.exe.ApplicationCompany","HKCU:\SOFTWARE\Classes\Local Settings\Software\Microsoft\Windows\Shell\MuiCache","ShareX Team","Info","Medium"
"2026-06-05 15:50:37","RegistryScan","RegistryArtifact","RegistryEntry","C:\Windows\System32\dfshim.dll.FriendlyAppName","HKCU:\SOFTWARE\Classes\Local Settings\Software\Microsoft\Windows\Shell\MuiCache","ClickOnce Application Deployment Support Library","Info","Medium"
"2026-06-05 15:50:37","RegistryScan","RegistryArtifact","RegistryEntry","C:\Windows\System32\dfshim.dll.ApplicationCompany","HKCU:\SOFTWARE\Classes\Local Settings\Software\Microsoft\Windows\Shell\MuiCache","Microsoft Corporation","Info","Medium"
"2026-06-05 15:50:37","RegistryScan","RegistryArtifact","RegistryEntry","C:\WINDOWS\system32\perfmon.exe.FriendlyAppName","HKCU:\SOFTWARE\Classes\Local Settings\Software\Microsoft\Windows\Shell\MuiCache","Resource and Performance Monitor","Info","Medium"
"2026-06-05 15:50:37","RegistryScan","RegistryArtifact","RegistryEntry","C:\WINDOWS\system32\perfmon.exe.ApplicationCompany","HKCU:\SOFTWARE\Classes\Local Settings\Software\Microsoft\Windows\Shell\MuiCache","Microsoft Corporation","Info","Medium"
"2026-06-05 15:50:37","RegistryScan","RegistryArtifact","RegistryEntry","C:\WINDOWS\system32\colorcpl.exe.FriendlyAppName","HKCU:\SOFTWARE\Classes\Local Settings\Software\Microsoft\Windows\Shell\MuiCache","Microsoft Color Control Panel","Info","Medium"
"2026-06-05 15:50:37","RegistryScan","RegistryArtifact","RegistryEntry","C:\WINDOWS\system32\colorcpl.exe.ApplicationCompany","HKCU:\SOFTWARE\Classes\Local Settings\Software\Microsoft\Windows\Shell\MuiCache","Microsoft Corporation","Info","Medium"
"2026-06-05 15:50:37","RegistryScan","RegistryArtifact","RegistryEntry","C:\WINDOWS\system32\cryptext.dll.FriendlyAppName","HKCU:\SOFTWARE\Classes\Local Settings\Software\Microsoft\Windows\Shell\MuiCache","Crypto Shell Extensions","Info","Medium"
"2026-06-05 15:50:37","RegistryScan","RegistryArtifact","RegistryEntry","C:\WINDOWS\system32\cryptext.dll.ApplicationCompany","HKCU:\SOFTWARE\Classes\Local Settings\Software\Microsoft\Windows\Shell\MuiCache","Microsoft Corporation","Info","Medium"
"2026-06-05 15:50:37","RegistryScan","RegistryArtifact","RegistryEntry","C:\WINDOWS\hh.exe.FriendlyAppName","HKCU:\SOFTWARE\Classes\Local Settings\Software\Microsoft\Windows\Shell\MuiCache","Microsoft® HTML Help Executable","Info","Medium"
"2026-06-05 15:50:37","RegistryScan","RegistryArtifact","RegistryEntry","C:\WINDOWS\hh.exe.ApplicationCompany","HKCU:\SOFTWARE\Classes\Local Settings\Software\Microsoft\Windows\Shell\MuiCache","Microsoft Corporation","Info","Medium"
"2026-06-05 15:50:37","RegistryScan","RegistryArtifact","RegistryEntry","C:\WINDOWS\System32\notepad.exe.FriendlyAppName","HKCU:\SOFTWARE\Classes\Local Settings\Software\Microsoft\Windows\Shell\MuiCache","Notepad","Info","Medium"
"2026-06-05 15:50:37","RegistryScan","RegistryArtifact","RegistryEntry","C:\WINDOWS\System32\notepad.exe.ApplicationCompany","HKCU:\SOFTWARE\Classes\Local Settings\Software\Microsoft\Windows\Shell\MuiCache","Microsoft Corporation","Info","Medium"
"2026-06-05 15:50:37","RegistryScan","RegistryArtifact","RegistryEntry","C:\WINDOWS\System32\control.exe.FriendlyAppName","HKCU:\SOFTWARE\Classes\Local Settings\Software\Microsoft\Windows\Shell\MuiCache","Windows Control Panel","Info","Medium"
"2026-06-05 15:50:37","RegistryScan","RegistryArtifact","RegistryEntry","C:\WINDOWS\System32\control.exe.ApplicationCompany","HKCU:\SOFTWARE\Classes\Local Settings\Software\Microsoft\Windows\Shell\MuiCache","Microsoft Corporation","Info","Medium"
"2026-06-05 15:50:37","RegistryScan","RegistryArtifact","RegistryEntry","C:\WINDOWS\system32\IME\SHARED\imewdbld.exe.FriendlyAppName","HKCU:\SOFTWARE\Classes\Local Settings\Software\Microsoft\Windows\Shell\MuiCache","Microsoft IME Open Extended Dictionary Module","Info","Medium"
"2026-06-05 15:50:37","RegistryScan","RegistryArtifact","RegistryEntry","C:\WINDOWS\system32\IME\SHARED\imewdbld.exe.ApplicationCompany","HKCU:\SOFTWARE\Classes\Local Settings\Software\Microsoft\Windows\Shell\MuiCache","Microsoft Corporation","Info","Medium"
"2026-06-05 15:50:37","RegistryScan","RegistryArtifact","RegistryEntry","C:\WINDOWS\system32\themecpl.dll.FriendlyAppName","HKCU:\SOFTWARE\Classes\Local Settings\Software\Microsoft\Windows\Shell\MuiCache","Personalization CPL","Info","Medium"
"2026-06-05 15:50:37","RegistryScan","RegistryArtifact","RegistryEntry","C:\WINDOWS\system32\themecpl.dll.ApplicationCompany","HKCU:\SOFTWARE\Classes\Local Settings\Software\Microsoft\Windows\Shell\MuiCache","Microsoft Corporation","Info","Medium"
"2026-06-05 15:50:37","RegistryScan","RegistryArtifact","RegistryEntry","C:\WINDOWS\system32\msdt.exe.FriendlyAppName","HKCU:\SOFTWARE\Classes\Local Settings\Software\Microsoft\Windows\Shell\MuiCache","Diagnostics Troubleshooting Wizard","Info","Medium"
"2026-06-05 15:50:37","RegistryScan","RegistryArtifact","RegistryEntry","C:\WINDOWS\system32\msdt.exe.ApplicationCompany","HKCU:\SOFTWARE\Classes\Local Settings\Software\Microsoft\Windows\Shell\MuiCache","Microsoft Corporation","Info","Medium"
"2026-06-05 15:50:37","RegistryScan","RegistryArtifact","RegistryEntry","C:\WINDOWS\system32\eventvwr.exe.FriendlyAppName","HKCU:\SOFTWARE\Classes\Local Settings\Software\Microsoft\Windows\Shell\MuiCache","Event Viewer Snapin Launcher","Info","Medium"
"2026-06-05 15:50:37","RegistryScan","RegistryArtifact","RegistryEntry","C:\WINDOWS\system32\eventvwr.exe.ApplicationCompany","HKCU:\SOFTWARE\Classes\Local Settings\Software\Microsoft\Windows\Shell\MuiCache","Microsoft Corporation","Info","Medium"
"2026-06-05 15:50:37","RegistryScan","RegistryArtifact","RegistryEntry","C:\WINDOWS\System32\fontview.exe.FriendlyAppName","HKCU:\SOFTWARE\Classes\Local Settings\Software\Microsoft\Windows\Shell\MuiCache","Windows Font Viewer","Info","Medium"
"2026-06-05 15:50:37","RegistryScan","RegistryArtifact","RegistryEntry","C:\WINDOWS\System32\fontview.exe.ApplicationCompany","HKCU:\SOFTWARE\Classes\Local Settings\Software\Microsoft\Windows\Shell\MuiCache","Microsoft Corporation","Info","Medium"
"2026-06-05 15:50:37","RegistryScan","RegistryArtifact","RegistryEntry","C:\Program Files\Greenshot\Greenshot.EXE.FriendlyAppName","HKCU:\SOFTWARE\Classes\Local Settings\Software\Microsoft\Windows\Shell\MuiCache","Greenshot","Info","Medium"
"2026-06-05 15:50:37","RegistryScan","RegistryArtifact","RegistryEntry","C:\Program Files\Greenshot\Greenshot.EXE.ApplicationCompany","HKCU:\SOFTWARE\Classes\Local Settings\Software\Microsoft\Windows\Shell\MuiCache","Greenshot","Info","Medium"
"2026-06-05 15:50:37","RegistryScan","RegistryArtifact","RegistryEntry","C:\WINDOWS\winhlp32.exe.FriendlyAppName","HKCU:\SOFTWARE\Classes\Local Settings\Software\Microsoft\Windows\Shell\MuiCache","Windows Winhlp32 Stub","Info","Medium"
"2026-06-05 15:50:37","RegistryScan","RegistryArtifact","RegistryEntry","C:\WINDOWS\winhlp32.exe.ApplicationCompany","HKCU:\SOFTWARE\Classes\Local Settings\Software\Microsoft\Windows\Shell\MuiCache","Microsoft Corporation","Info","Medium"
"2026-06-05 15:50:37","RegistryScan","RegistryArtifact","RegistryEntry","C:\Windows\SysWOW64\mshta.exe.FriendlyAppName","HKCU:\SOFTWARE\Classes\Local Settings\Software\Microsoft\Windows\Shell\MuiCache","Microsoft (R) HTML Application host","Info","Medium"
"2026-06-05 15:50:37","RegistryScan","RegistryArtifact","RegistryEntry","C:\Windows\SysWOW64\mshta.exe.ApplicationCompany","HKCU:\SOFTWARE\Classes\Local Settings\Software\Microsoft\Windows\Shell\MuiCache","Microsoft Corporation","Info","Medium"
"2026-06-05 15:50:37","RegistryScan","RegistryArtifact","RegistryEntry","C:\WINDOWS\system32\IME\SHARED\imesearch.exe.FriendlyAppName","HKCU:\SOFTWARE\Classes\Local Settings\Software\Microsoft\Windows\Shell\MuiCache","IME search module","Info","Medium"
"2026-06-05 15:50:37","RegistryScan","RegistryArtifact","RegistryEntry","C:\WINDOWS\system32\IME\SHARED\imesearch.exe.ApplicationCompany","HKCU:\SOFTWARE\Classes\Local Settings\Software\Microsoft\Windows\Shell\MuiCache","Microsoft Corporation","Info","Medium"
"2026-06-05 15:50:37","RegistryScan","RegistryArtifact","RegistryEntry","C:\Windows\System32\WScript.exe.FriendlyAppName","HKCU:\SOFTWARE\Classes\Local Settings\Software\Microsoft\Windows\Shell\MuiCache","Microsoft ® Windows Based Script Host","Info","Medium"
"2026-06-05 15:50:37","RegistryScan","RegistryArtifact","RegistryEntry","C:\Windows\System32\WScript.exe.ApplicationCompany","HKCU:\SOFTWARE\Classes\Local Settings\Software\Microsoft\Windows\Shell\MuiCache","Microsoft Corporation","Info","Medium"
"2026-06-05 15:50:37","RegistryScan","RegistryArtifact","RegistryEntry","C:\WINDOWS\system32\lpksetup.exe.FriendlyAppName","HKCU:\SOFTWARE\Classes\Local Settings\Software\Microsoft\Windows\Shell\MuiCache","Language Pack Installer","Info","Medium"
"2026-06-05 15:50:37","RegistryScan","RegistryArtifact","RegistryEntry","C:\WINDOWS\system32\lpksetup.exe.ApplicationCompany","HKCU:\SOFTWARE\Classes\Local Settings\Software\Microsoft\Windows\Shell\MuiCache","Microsoft Corporation","Info","Medium"
"2026-06-05 15:50:37","RegistryScan","RegistryArtifact","RegistryEntry","C:\Program Files (x86)\SM600 Mouse Software\DeviceDriver.exe.FriendlyAppName","HKCU:\SOFTWARE\Classes\Local Settings\Software\Microsoft\Windows\Shell\MuiCache","DeviceDriver.exe","Info","Medium"
"2026-06-05 15:50:37","RegistryScan","RegistryArtifact","RegistryEntry","C:\WINDOWS\system32\msinfo32.exe.FriendlyAppName","HKCU:\SOFTWARE\Classes\Local Settings\Software\Microsoft\Windows\Shell\MuiCache","System Information","Info","Medium"
"2026-06-05 15:50:37","RegistryScan","RegistryArtifact","RegistryEntry","C:\WINDOWS\system32\msinfo32.exe.ApplicationCompany","HKCU:\SOFTWARE\Classes\Local Settings\Software\Microsoft\Windows\Shell\MuiCache","Microsoft Corporation","Info","Medium"
"2026-06-05 15:50:37","RegistryScan","RegistryArtifact","RegistryEntry","C:\Program Files (x86)\Overwolf\OverwolfLauncher.exe.FriendlyAppName","HKCU:\SOFTWARE\Classes\Local Settings\Software\Microsoft\Windows\Shell\MuiCache","Overwolf Launcher","Info","Medium"
"2026-06-05 15:50:37","RegistryScan","RegistryArtifact","RegistryEntry","C:\Program Files (x86)\Overwolf\OverwolfLauncher.exe.ApplicationCompany","HKCU:\SOFTWARE\Classes\Local Settings\Software\Microsoft\Windows\Shell\MuiCache","Overwolf Ltd.","Info","Medium"
"2026-06-05 15:50:37","RegistryScan","RegistryArtifact","RegistryEntry","C:\Program Files\Windows Mail\wab.exe.FriendlyAppName","HKCU:\SOFTWARE\Classes\Local Settings\Software\Microsoft\Windows\Shell\MuiCache","Windows Contacts","Info","Medium"
"2026-06-05 15:50:37","RegistryScan","RegistryArtifact","RegistryEntry","C:\Program Files\Windows Mail\wab.exe.ApplicationCompany","HKCU:\SOFTWARE\Classes\Local Settings\Software\Microsoft\Windows\Shell\MuiCache","Microsoft Corporation","Info","Medium"
"2026-06-05 15:50:37","RegistryScan","RegistryArtifact","RegistryEntry","C:\WINDOWS\system32\rasphone.exe.FriendlyAppName","HKCU:\SOFTWARE\Classes\Local Settings\Software\Microsoft\Windows\Shell\MuiCache","Remote Access Phonebook","Info","Medium"
"2026-06-05 15:50:37","RegistryScan","RegistryArtifact","RegistryEntry","C:\WINDOWS\system32\rasphone.exe.ApplicationCompany","HKCU:\SOFTWARE\Classes\Local Settings\Software\Microsoft\Windows\Shell\MuiCache","Microsoft Corporation","Info","Medium"
"2026-06-05 15:50:37","RegistryScan","RegistryArtifact","RegistryEntry","C:\WINDOWS\System32\provtool.exe.FriendlyAppName","HKCU:\SOFTWARE\Classes\Local Settings\Software\Microsoft\Windows\Shell\MuiCache","Provisioning package runtime processing tool","Info","Medium"
"2026-06-05 15:50:37","RegistryScan","RegistryArtifact","RegistryEntry","C:\WINDOWS\System32\provtool.exe.ApplicationCompany","HKCU:\SOFTWARE\Classes\Local Settings\Software\Microsoft\Windows\Shell\MuiCache","Microsoft Corporation","Info","Medium"
"2026-06-05 15:50:37","RegistryScan","RegistryArtifact","RegistryEntry","C:\WINDOWS\System32\msrating.dll.FriendlyAppName","HKCU:\SOFTWARE\Classes\Local Settings\Software\Microsoft\Windows\Shell\MuiCache","""msrating.DYNLINK""","Info","Medium"
"2026-06-05 15:50:37","RegistryScan","RegistryArtifact","RegistryEntry","C:\WINDOWS\System32\msrating.dll.ApplicationCompany","HKCU:\SOFTWARE\Classes\Local Settings\Software\Microsoft\Windows\Shell\MuiCache","Microsoft Corporation","Info","Medium"
"2026-06-05 15:50:37","RegistryScan","RegistryArtifact","RegistryEntry","C:\WINDOWS\system32\dsquery.dll.FriendlyAppName","HKCU:\SOFTWARE\Classes\Local Settings\Software\Microsoft\Windows\Shell\MuiCache","Directory Service Find","Info","Medium"
"2026-06-05 15:50:37","RegistryScan","RegistryArtifact","RegistryEntry","C:\WINDOWS\system32\dsquery.dll.ApplicationCompany","HKCU:\SOFTWARE\Classes\Local Settings\Software\Microsoft\Windows\Shell\MuiCache","Microsoft Corporation","Info","Medium"
"2026-06-05 15:50:37","RegistryScan","RegistryArtifact","RegistryEntry","C:\WINDOWS\system32\mstsc.exe.FriendlyAppName","HKCU:\SOFTWARE\Classes\Local Settings\Software\Microsoft\Windows\Shell\MuiCache","Remote Desktop Connection","Info","Medium"
"2026-06-05 15:50:37","RegistryScan","RegistryArtifact","RegistryEntry","C:\WINDOWS\system32\mstsc.exe.ApplicationCompany","HKCU:\SOFTWARE\Classes\Local Settings\Software\Microsoft\Windows\Shell\MuiCache","Microsoft Corporation","Info","Medium"
"2026-06-05 15:50:37","RegistryScan","RegistryArtifact","RegistryEntry","C:\WINDOWS\regedit.exe.FriendlyAppName","HKCU:\SOFTWARE\Classes\Local Settings\Software\Microsoft\Windows\Shell\MuiCache","Registry Editor","Info","Medium"
"2026-06-05 15:50:37","RegistryScan","RegistryArtifact","RegistryEntry","C:\WINDOWS\regedit.exe.ApplicationCompany","HKCU:\SOFTWARE\Classes\Local Settings\Software\Microsoft\Windows\Shell\MuiCache","Microsoft Corporation","Info","Medium"
"2026-06-05 15:50:37","RegistryScan","RegistryArtifact","RegistryEntry","C:\Program Files\Common Files\System\OLE DB\oledb32.dll.FriendlyAppName","HKCU:\SOFTWARE\Classes\Local Settings\Software\Microsoft\Windows\Shell\MuiCache","OLE DB Core Services","Info","Medium"
"2026-06-05 15:50:37","RegistryScan","RegistryArtifact","RegistryEntry","C:\Program Files\Common Files\System\OLE DB\oledb32.dll.ApplicationCompany","HKCU:\SOFTWARE\Classes\Local Settings\Software\Microsoft\Windows\Shell\MuiCache","Microsoft Corporation","Info","Medium"
"2026-06-05 15:50:37","RegistryScan","RegistryArtifact","RegistryEntry","C:\Program Files (x86)\Common Files\Microsoft Shared\VSTO\vstoee.dll.FriendlyAppName","HKCU:\SOFTWARE\Classes\Local Settings\Software\Microsoft\Windows\Shell\MuiCache","Visual Studio Tools for Office Execution Engine","Info","Medium"
"2026-06-05 15:50:37","RegistryScan","RegistryArtifact","RegistryEntry","C:\Program Files (x86)\Common Files\Microsoft Shared\VSTO\vstoee.dll.ApplicationCompany","HKCU:\SOFTWARE\Classes\Local Settings\Software\Microsoft\Windows\Shell\MuiCache","Microsoft Corporation","Info","Medium"
"2026-06-05 15:50:37","RegistryScan","RegistryArtifact","RegistryEntry","C:\WINDOWS\system32\sdclt.exe.FriendlyAppName","HKCU:\SOFTWARE\Classes\Local Settings\Software\Microsoft\Windows\Shell\MuiCache","Microsoft® Windows Backup","Info","Medium"
"2026-06-05 15:50:37","RegistryScan","RegistryArtifact","RegistryEntry","C:\WINDOWS\system32\sdclt.exe.ApplicationCompany","HKCU:\SOFTWARE\Classes\Local Settings\Software\Microsoft\Windows\Shell\MuiCache","Microsoft Corporation","Info","Medium"
"2026-06-05 15:50:37","RegistryScan","RegistryArtifact","RegistryEntry","C:\Windows\System32\xwizard.exe.FriendlyAppName","HKCU:\SOFTWARE\Classes\Local Settings\Software\Microsoft\Windows\Shell\MuiCache","Extensible Wizards Host Process","Info","Medium"
"2026-06-05 15:50:37","RegistryScan","RegistryArtifact","RegistryEntry","C:\Windows\System32\xwizard.exe.ApplicationCompany","HKCU:\SOFTWARE\Classes\Local Settings\Software\Microsoft\Windows\Shell\MuiCache","Microsoft Corporation","Info","Medium"
"2026-06-05 15:50:37","RegistryScan","RegistryArtifact","RegistryEntry","C:\WINDOWS\system32\wpnpinst.exe.FriendlyAppName","HKCU:\SOFTWARE\Classes\Local Settings\Software\Microsoft\Windows\Shell\MuiCache","Support exe for Internet Printing","Info","Medium"
"2026-06-05 15:50:37","RegistryScan","RegistryArtifact","RegistryEntry","C:\WINDOWS\system32\wpnpinst.exe.ApplicationCompany","HKCU:\SOFTWARE\Classes\Local Settings\Software\Microsoft\Windows\Shell\MuiCache","Microsoft Corporation","Info","Medium"
"2026-06-05 15:50:37","RegistryScan","RegistryArtifact","RegistryEntry","C:\Windows\System32\PresentationHost.exe.FriendlyAppName","HKCU:\SOFTWARE\Classes\Local Settings\Software\Microsoft\Windows\Shell\MuiCache","Windows Presentation Foundation Host","Info","Medium"
"2026-06-05 15:50:37","RegistryScan","RegistryArtifact","RegistryEntry","C:\Windows\System32\PresentationHost.exe.ApplicationCompany","HKCU:\SOFTWARE\Classes\Local Settings\Software\Microsoft\Windows\Shell\MuiCache","Microsoft Corporation","Info","Medium"
"2026-06-05 15:50:37","RegistryScan","RegistryArtifact","RegistryEntry","C:\WINDOWS\system32\wusa.exe.FriendlyAppName","HKCU:\SOFTWARE\Classes\Local Settings\Software\Microsoft\Windows\Shell\MuiCache","Windows Update Standalone Installer","Info","Medium"
"2026-06-05 15:50:37","RegistryScan","RegistryArtifact","RegistryEntry","C:\WINDOWS\system32\wusa.exe.ApplicationCompany","HKCU:\SOFTWARE\Classes\Local Settings\Software\Microsoft\Windows\Shell\MuiCache","Microsoft Corporation","Info","Medium"
"2026-06-05 15:50:37","RegistryScan","RegistryArtifact","RegistryEntry","C:\WINDOWS\system32\msra.exe.FriendlyAppName","HKCU:\SOFTWARE\Classes\Local Settings\Software\Microsoft\Windows\Shell\MuiCache","Windows Remote Assistance","Info","Medium"
"2026-06-05 15:50:37","RegistryScan","RegistryArtifact","RegistryEntry","C:\WINDOWS\system32\msra.exe.ApplicationCompany","HKCU:\SOFTWARE\Classes\Local Settings\Software\Microsoft\Windows\Shell\MuiCache","Microsoft Corporation","Info","Medium"
"2026-06-05 15:50:37","RegistryScan","RegistryArtifact","RegistryEntry","C:\WINDOWS\System32\msiexec.exe.FriendlyAppName","HKCU:\SOFTWARE\Classes\Local Settings\Software\Microsoft\Windows\Shell\MuiCache","Windows® installer","Info","Medium"
"2026-06-05 15:50:37","RegistryScan","RegistryArtifact","RegistryEntry","C:\WINDOWS\System32\msiexec.exe.ApplicationCompany","HKCU:\SOFTWARE\Classes\Local Settings\Software\Microsoft\Windows\Shell\MuiCache","Microsoft Corporation","Info","Medium"
"2026-06-05 15:50:37","RegistryScan","RegistryArtifact","RegistryEntry","C:\WINDOWS\system32\mmc.exe.FriendlyAppName","HKCU:\SOFTWARE\Classes\Local Settings\Software\Microsoft\Windows\Shell\MuiCache","Microsoft Management Console","Info","Medium"
"2026-06-05 15:50:37","RegistryScan","RegistryArtifact","RegistryEntry","C:\WINDOWS\system32\mmc.exe.ApplicationCompany","HKCU:\SOFTWARE\Classes\Local Settings\Software\Microsoft\Windows\Shell\MuiCache","Microsoft Corporation","Info","Medium"
"2026-06-05 15:50:37","RegistryScan","RegistryArtifact","RegistryEntry","C:\WINDOWS\System32\licensemanagershellext.exe.FriendlyAppName","HKCU:\SOFTWARE\Classes\Local Settings\Software\Microsoft\Windows\Shell\MuiCache","LicenseManagerShellExt","Info","Medium"
"2026-06-05 15:50:37","RegistryScan","RegistryArtifact","RegistryEntry","C:\WINDOWS\System32\licensemanagershellext.exe.ApplicationCompany","HKCU:\SOFTWARE\Classes\Local Settings\Software\Microsoft\Windows\Shell\MuiCache","Microsoft Corporation","Info","Medium"
"2026-06-05 15:50:37","RegistryScan","RegistryArtifact","RegistryEntry","C:\Program Files (x86)\Steam\steamapps\common\MarvelRivals\MarvelRivals_Launcher.exe.FriendlyAppName","HKCU:\SOFTWARE\Classes\Local Settings\Software\Microsoft\Windows\Shell\MuiCache","MarvelRivals_Launcher.exe","Info","Medium"
"2026-06-05 15:50:37","RegistryScan","RegistryArtifact","RegistryEntry","C:\Program Files (x86)\Steam\steamapps\common\MarvelRivals\MarvelGame\Marvel\Binaries\Win64\Marvel-Win64-Shipping.exe.FriendlyAppName","HKCU:\SOFTWARE\Classes\Local Settings\Software\Microsoft\Windows\Shell\MuiCache","Marvel Rivals","Info","Medium"
"2026-06-05 15:50:37","RegistryScan","RegistryArtifact","RegistryEntry","C:\Program Files (x86)\Steam\steamapps\common\MarvelRivals\MarvelGame\Marvel\Binaries\Win64\Marvel-Win64-Shipping.exe.ApplicationCompany","HKCU:\SOFTWARE\Classes\Local Settings\Software\Microsoft\Windows\Shell\MuiCache","Netease Games","Info","Medium"
"2026-06-05 15:50:37","RegistryScan","RegistryArtifact","RegistryEntry","C:\Users\Bruhs\AppData\Local\Temp\downloader_easeus\1.0.0\46free\EDownloader.exe.FriendlyAppName","HKCU:\SOFTWARE\Classes\Local Settings\Software\Microsoft\Windows\Shell\MuiCache","EDownloader.exe","Info","Medium"
"2026-06-05 15:50:37","RegistryScan","RegistryArtifact","RegistryEntry","C:\Program Files\Wise\Wise Memory Optimizer\WiseMemoryOptimzer.exe.FriendlyAppName","HKCU:\SOFTWARE\Classes\Local Settings\Software\Microsoft\Windows\Shell\MuiCache","Wise Memory Optimizer","Info","Medium"
"2026-06-05 15:50:37","RegistryScan","RegistryArtifact","RegistryEntry","C:\Program Files\Wise\Wise Memory Optimizer\WiseMemoryOptimzer.exe.ApplicationCompany","HKCU:\SOFTWARE\Classes\Local Settings\Software\Microsoft\Windows\Shell\MuiCache","WiseCleaner.com","Info","Medium"
"2026-06-05 15:50:37","RegistryScan","RegistryArtifact","RegistryEntry","C:\Program Files\Winaero Tweaker\WinaeroTweaker.exe.FriendlyAppName","HKCU:\SOFTWARE\Classes\Local Settings\Software\Microsoft\Windows\Shell\MuiCache","WinaeroTweaker","Info","Medium"
"2026-06-05 15:50:37","RegistryScan","RegistryArtifact","RegistryEntry","C:\Program Files\Winaero Tweaker\WinaeroTweaker.exe.ApplicationCompany","HKCU:\SOFTWARE\Classes\Local Settings\Software\Microsoft\Windows\Shell\MuiCache","https://winaero.com","Info","Medium"
"2026-06-05 15:50:37","RegistryScan","RegistryArtifact","RegistryEntry","C:\Program Files\obs-studio\bin\64bit\obs64.exe.FriendlyAppName","HKCU:\SOFTWARE\Classes\Local Settings\Software\Microsoft\Windows\Shell\MuiCache","OBS Studio","Info","Medium"
"2026-06-05 15:50:37","RegistryScan","RegistryArtifact","RegistryEntry","C:\Program Files\obs-studio\bin\64bit\obs64.exe.ApplicationCompany","HKCU:\SOFTWARE\Classes\Local Settings\Software\Microsoft\Windows\Shell\MuiCache","OBS","Info","Medium"
"2026-06-05 15:50:37","RegistryScan","RegistryArtifact","RegistryEntry","C:\Users\Bruhs\Downloads\VoiceChanger64(2.02).exe.FriendlyAppName","HKCU:\SOFTWARE\Classes\Local Settings\Software\Microsoft\Windows\Shell\MuiCache","Clownfish Voice Changer Setup","Info","Medium"
"2026-06-05 15:50:37","RegistryScan","RegistryArtifact","RegistryEntry","C:\Users\Bruhs\Downloads\VoiceChanger64(2.02).exe.ApplicationCompany","HKCU:\SOFTWARE\Classes\Local Settings\Software\Microsoft\Windows\Shell\MuiCache","Shark Labs","Info","Medium"
"2026-06-05 15:50:37","RegistryScan","RegistryArtifact","RegistryEntry","C:\Windows\SysWOW64\net.exe.FriendlyAppName","HKCU:\SOFTWARE\Classes\Local Settings\Software\Microsoft\Windows\Shell\MuiCache","Net Command","Info","Medium"
"2026-06-05 15:50:37","RegistryScan","RegistryArtifact","RegistryEntry","C:\Windows\SysWOW64\net.exe.ApplicationCompany","HKCU:\SOFTWARE\Classes\Local Settings\Software\Microsoft\Windows\Shell\MuiCache","Microsoft Corporation","Info","Medium"
"2026-06-05 15:50:37","RegistryScan","RegistryArtifact","RegistryEntry","C:\program files\exitlag\exitlag.exe.FriendlyAppName","HKCU:\SOFTWARE\Classes\Local Settings\Software\Microsoft\Windows\Shell\MuiCache","exitlag.exe","Info","Medium"
"2026-06-05 15:50:37","RegistryScan","RegistryArtifact","RegistryEntry","C:\Program Files (x86)\Roblox\Versions\version-4464ba36ceea461e\RobloxPlayerBeta.exe.FriendlyAppName","HKCU:\SOFTWARE\Classes\Local Settings\Software\Microsoft\Windows\Shell\MuiCache","Roblox Game Client","Info","Medium"
"2026-06-05 15:50:37","RegistryScan","RegistryArtifact","RegistryEntry","C:\Program Files (x86)\Roblox\Versions\version-4464ba36ceea461e\RobloxPlayerBeta.exe.ApplicationCompany","HKCU:\SOFTWARE\Classes\Local Settings\Software\Microsoft\Windows\Shell\MuiCache","Roblox Corporation","Info","Medium"
"2026-06-05 15:50:37","RegistryScan","RegistryArtifact","RegistryEntry","C:\Program Files\BraveSoftware\Brave-Browser\Application\brave.exe.FriendlyAppName","HKCU:\SOFTWARE\Classes\Local Settings\Software\Microsoft\Windows\Shell\MuiCache","Brave Browser","Info","Medium"
"2026-06-05 15:50:37","RegistryScan","RegistryArtifact","RegistryEntry","C:\Program Files\BraveSoftware\Brave-Browser\Application\brave.exe.ApplicationCompany","HKCU:\SOFTWARE\Classes\Local Settings\Software\Microsoft\Windows\Shell\MuiCache","Brave Software, Inc.","Info","Medium"
"2026-06-05 15:50:37","RegistryScan","RegistryArtifact","RegistryEntry","C:\Program Files (x86)\Steam\steamapps\common\Warframe\Tools\Launcher.exe.FriendlyAppName","HKCU:\SOFTWARE\Classes\Local Settings\Software\Microsoft\Windows\Shell\MuiCache","Warframe Launcher","Info","Medium"
"2026-06-05 15:50:37","RegistryScan","RegistryArtifact","RegistryEntry","C:\Program Files (x86)\Steam\steamapps\common\Warframe\Tools\Launcher.exe.ApplicationCompany","HKCU:\SOFTWARE\Classes\Local Settings\Software\Microsoft\Windows\Shell\MuiCache","Digital Extremes","Info","Medium"
"2026-06-05 15:50:37","RegistryScan","RegistryArtifact","RegistryEntry","C:\Users\Bruhs\Downloads\Fleasion-v2.0.1.exe.FriendlyAppName","HKCU:\SOFTWARE\Classes\Local Settings\Software\Microsoft\Windows\Shell\MuiCache","Fleasion-v2.0.1.exe","Info","Medium"
"2026-06-05 15:50:37","RegistryScan","RegistryArtifact","RegistryEntry","C:\Users\Bruhs\AppData\Local\Froststrap\Versions\WindowsPlayer\RobloxPlayerBeta.exe.FriendlyAppName","HKCU:\SOFTWARE\Classes\Local Settings\Software\Microsoft\Windows\Shell\MuiCache","Roblox Game Client","Info","Medium"
"2026-06-05 15:50:37","RegistryScan","RegistryArtifact","RegistryEntry","C:\Users\Bruhs\AppData\Local\Froststrap\Versions\WindowsPlayer\RobloxPlayerBeta.exe.ApplicationCompany","HKCU:\SOFTWARE\Classes\Local Settings\Software\Microsoft\Windows\Shell\MuiCache","Roblox Corporation","Info","Medium"
"2026-06-05 15:50:37","RegistryScan","RegistryArtifact","RegistryEntry","C:\Windows\System32\DeviceProperties.exe.FriendlyAppName","HKCU:\SOFTWARE\Classes\Local Settings\Software\Microsoft\Windows\Shell\MuiCache","Device Properties","Info","Medium"
"2026-06-05 15:50:37","RegistryScan","RegistryArtifact","RegistryEntry","C:\Windows\System32\DeviceProperties.exe.ApplicationCompany","HKCU:\SOFTWARE\Classes\Local Settings\Software\Microsoft\Windows\Shell\MuiCache","Microsoft Corporation","Info","Medium"
"2026-06-05 15:50:37","RegistryScan","RegistryArtifact","RegistryEntry","C:\Users\Bruhs\Downloads\AutoClicker.exe.FriendlyAppName","HKCU:\SOFTWARE\Classes\Local Settings\Software\Microsoft\Windows\Shell\MuiCache","OP Auto Clicker","Info","Medium"
"2026-06-05 15:50:37","RegistryScan","RegistryArtifact","RegistryEntry","C:\Windows\System32\taskkill.exe.FriendlyAppName","HKCU:\SOFTWARE\Classes\Local Settings\Software\Microsoft\Windows\Shell\MuiCache","Terminates Processes","Info","Medium"
"2026-06-05 15:50:37","RegistryScan","RegistryArtifact","RegistryEntry","C:\Windows\System32\taskkill.exe.ApplicationCompany","HKCU:\SOFTWARE\Classes\Local Settings\Software\Microsoft\Windows\Shell\MuiCache","Microsoft Corporation","Info","Medium"
"2026-06-05 15:50:37","RegistryScan","RegistryArtifact","RegistryEntry","C:\Users\Bruhs\Downloads\Install VALORANT.exe.FriendlyAppName","HKCU:\SOFTWARE\Classes\Local Settings\Software\Microsoft\Windows\Shell\MuiCache","Riot Client","Info","Medium"
"2026-06-05 15:50:37","RegistryScan","RegistryArtifact","RegistryEntry","C:\Users\Bruhs\Downloads\Install VALORANT.exe.ApplicationCompany","HKCU:\SOFTWARE\Classes\Local Settings\Software\Microsoft\Windows\Shell\MuiCache","Riot Games, Inc.","Info","Medium"
"2026-06-05 15:50:37","RegistryScan","RegistryArtifact","RegistryEntry","C:\riot games\riot client\riotclientelectron\riot client.exe.FriendlyAppName","HKCU:\SOFTWARE\Classes\Local Settings\Software\Microsoft\Windows\Shell\MuiCache","Riot Client","Info","Medium"
"2026-06-05 15:50:37","RegistryScan","RegistryArtifact","RegistryEntry","C:\riot games\riot client\riotclientelectron\riot client.exe.ApplicationCompany","HKCU:\SOFTWARE\Classes\Local Settings\Software\Microsoft\Windows\Shell\MuiCache","Riot Games, Inc.","Info","Medium"
"2026-06-05 15:50:37","RegistryScan","RegistryArtifact","RegistryEntry","C:\Riot Games\Riot Client\RiotClientServices.exe.FriendlyAppName","HKCU:\SOFTWARE\Classes\Local Settings\Software\Microsoft\Windows\Shell\MuiCache","Riot Client","Info","Medium"
"2026-06-05 15:50:37","RegistryScan","RegistryArtifact","RegistryEntry","C:\Riot Games\Riot Client\RiotClientServices.exe.ApplicationCompany","HKCU:\SOFTWARE\Classes\Local Settings\Software\Microsoft\Windows\Shell\MuiCache","Riot Games, Inc.","Info","Medium"
"2026-06-05 15:50:37","RegistryScan","RegistryArtifact","RegistryEntry","C:\Program Files (x86)\ASRock Utility\ASRRGBLED\Bin\PolychromeLauncher.exe.FriendlyAppName","HKCU:\SOFTWARE\Classes\Local Settings\Software\Microsoft\Windows\Shell\MuiCache","PolychromeLauncher.exe","Info","Medium"
"2026-06-05 15:50:37","RegistryScan","RegistryArtifact","RegistryEntry","C:\Program Files (x86)\ASRock Utility\ASRRGBLED\ASRISP\AsrISP.exe.FriendlyAppName","HKCU:\SOFTWARE\Classes\Local Settings\Software\Microsoft\Windows\Shell\MuiCache","ASRock In-System Programmer","Info","Medium"
"2026-06-05 15:50:37","RegistryScan","RegistryArtifact","RegistryEntry","C:\Program Files (x86)\ASRock Utility\ASRRGBLED\ASRISP\AsrISP.exe.ApplicationCompany","HKCU:\SOFTWARE\Classes\Local Settings\Software\Microsoft\Windows\Shell\MuiCache","ASRock Incorporation","Info","Medium"
"2026-06-05 15:50:37","RegistryScan","RegistryArtifact","RegistryEntry","C:\Riot Games\VALORANT\live\ShooterGame\Binaries\Win64\VALORANT-Win64-Shipping.exe.FriendlyAppName","HKCU:\SOFTWARE\Classes\Local Settings\Software\Microsoft\Windows\Shell\MuiCache","VALORANT","Info","Medium"
"2026-06-05 15:50:37","RegistryScan","RegistryArtifact","RegistryEntry","C:\Riot Games\VALORANT\live\ShooterGame\Binaries\Win64\VALORANT-Win64-Shipping.exe.ApplicationCompany","HKCU:\SOFTWARE\Classes\Local Settings\Software\Microsoft\Windows\Shell\MuiCache","Riot Games","Info","Medium"
"2026-06-05 15:50:37","RegistryScan","RegistryArtifact","RegistryEntry","C:\Users\Bruhs\Downloads\MinecraftInstaller.exe.FriendlyAppName","HKCU:\SOFTWARE\Classes\Local Settings\Software\Microsoft\Windows\Shell\MuiCache","MinecraftInstaller","Info","Medium"
"2026-06-05 15:50:37","RegistryScan","RegistryArtifact","RegistryEntry","C:\Windows\System32\WSReset.exe.FriendlyAppName","HKCU:\SOFTWARE\Classes\Local Settings\Software\Microsoft\Windows\Shell\MuiCache","This tool resets the Microsoft Store without changing account settings or deleting installed apps","Info","Medium"
"2026-06-05 15:50:37","RegistryScan","RegistryArtifact","RegistryEntry","C:\Windows\System32\WSReset.exe.ApplicationCompany","HKCU:\SOFTWARE\Classes\Local Settings\Software\Microsoft\Windows\Shell\MuiCache","Microsoft Corporation","Info","Medium"
"2026-06-05 15:50:37","RegistryScan","RegistryArtifact","RegistryEntry","C:\Windows\System32\Dism.exe.FriendlyAppName","HKCU:\SOFTWARE\Classes\Local Settings\Software\Microsoft\Windows\Shell\MuiCache","Dism Image Servicing Utility","Info","Medium"
"2026-06-05 15:50:37","RegistryScan","RegistryArtifact","RegistryEntry","C:\Windows\System32\Dism.exe.ApplicationCompany","HKCU:\SOFTWARE\Classes\Local Settings\Software\Microsoft\Windows\Shell\MuiCache","Microsoft Corporation","Info","Medium"
"2026-06-05 15:50:37","RegistryScan","RegistryArtifact","RegistryEntry","C:\Users\Bruhs\Downloads\MinecraftInstaller (1).exe.FriendlyAppName","HKCU:\SOFTWARE\Classes\Local Settings\Software\Microsoft\Windows\Shell\MuiCache","MinecraftInstaller","Info","Medium"
"2026-06-05 15:50:37","RegistryScan","RegistryArtifact","RegistryEntry","C:\Program Files (x86)\Steam\steamapps\common\Muck\Muck.exe.FriendlyAppName","HKCU:\SOFTWARE\Classes\Local Settings\Software\Microsoft\Windows\Shell\MuiCache","Muck.exe","Info","Medium"
"2026-06-05 15:50:37","RegistryScan","RegistryArtifact","RegistryEntry","C:\Program Files (x86)\Steam\steamapps\common\Geometry Dash\GeometryDash.exe.FriendlyAppName","HKCU:\SOFTWARE\Classes\Local Settings\Software\Microsoft\Windows\Shell\MuiCache","GeometryDash.exe","Info","Medium"
"2026-06-05 15:50:37","RegistryScan","RegistryArtifact","RegistryEntry","C:\Program Files\Riot Vanguard\vgtray.exe.FriendlyAppName","HKCU:\SOFTWARE\Classes\Local Settings\Software\Microsoft\Windows\Shell\MuiCache","Vanguard tray notification","Info","Medium"
"2026-06-05 15:50:37","RegistryScan","RegistryArtifact","RegistryEntry","C:\Program Files\Riot Vanguard\vgtray.exe.ApplicationCompany","HKCU:\SOFTWARE\Classes\Local Settings\Software\Microsoft\Windows\Shell\MuiCache","Riot Games, Inc.","Info","Medium"
"2026-06-05 15:50:37","RegistryScan","RegistryArtifact","RegistryEntry","C:\Users\Bruhs\Downloads\ISLC v1.0.4.5.exe.FriendlyAppName","HKCU:\SOFTWARE\Classes\Local Settings\Software\Microsoft\Windows\Shell\MuiCache","7z SFX","Info","Medium"
"2026-06-05 15:50:37","RegistryScan","RegistryArtifact","RegistryEntry","C:\Users\Bruhs\Downloads\ISLC v1.0.4.5.exe.ApplicationCompany","HKCU:\SOFTWARE\Classes\Local Settings\Software\Microsoft\Windows\Shell\MuiCache","Igor Pavlov","Info","Medium"
"2026-06-05 15:50:37","RegistryScan","RegistryArtifact","RegistryEntry","C:\Users\Bruhs\Downloads\ISLC v1.0.4.5\Intelligent standby list cleaner ISLC_1.exe.FriendlyAppName","HKCU:\SOFTWARE\Classes\Local Settings\Software\Microsoft\Windows\Shell\MuiCache","Intelligent standby list cleaner ISLC","Info","Medium"
"2026-06-05 15:50:37","RegistryScan","RegistryArtifact","RegistryEntry","C:\Users\Bruhs\Downloads\ISLC v1.0.4.5\Intelligent standby list cleaner ISLC_1.exe.ApplicationCompany","HKCU:\SOFTWARE\Classes\Local Settings\Software\Microsoft\Windows\Shell\MuiCache","Wagnardsoft","Info","Medium"
"2026-06-05 15:50:37","RegistryScan","RegistryArtifact","RegistryEntry","C:\Users\Bruhs\Downloads\Codex Installer.exe.FriendlyAppName","HKCU:\SOFTWARE\Classes\Local Settings\Software\Microsoft\Windows\Shell\MuiCache","Store Installer","Info","Medium"
"2026-06-05 15:50:37","RegistryScan","RegistryArtifact","RegistryEntry","C:\Users\Bruhs\Downloads\Codex Installer.exe.ApplicationCompany","HKCU:\SOFTWARE\Classes\Local Settings\Software\Microsoft\Windows\Shell\MuiCache","Microsoft Corporation","Info","Medium"
"2026-06-05 15:50:37","RegistryScan","RegistryArtifact","RegistryEntry","C:\Users\Bruhs\Downloads\Claude Setup.exe.FriendlyAppName","HKCU:\SOFTWARE\Classes\Local Settings\Software\Microsoft\Windows\Shell\MuiCache","Claude Setup","Info","Medium"
"2026-06-05 15:50:37","RegistryScan","RegistryArtifact","RegistryEntry","C:\Users\Bruhs\Downloads\Claude Setup.exe.ApplicationCompany","HKCU:\SOFTWARE\Classes\Local Settings\Software\Microsoft\Windows\Shell\MuiCache","Anthropic, PBC","Info","Medium"
"2026-06-05 15:50:37","RegistryScan","RegistryArtifact","RegistryEntry","C:\Users\Bruhs\Downloads\LM-Studio-0.4.15-2-x64.exe.FriendlyAppName","HKCU:\SOFTWARE\Classes\Local Settings\Software\Microsoft\Windows\Shell\MuiCache","Discover, download, and run LLMs locally","Info","Medium"
"2026-06-05 15:50:37","RegistryScan","RegistryArtifact","RegistryEntry","C:\Users\Bruhs\Downloads\LM-Studio-0.4.15-2-x64.exe.ApplicationCompany","HKCU:\SOFTWARE\Classes\Local Settings\Software\Microsoft\Windows\Shell\MuiCache","LM Studio","Info","Medium"
"2026-06-05 15:50:37","RegistryScan","RegistryArtifact","RegistryEntry","C:\Users\Bruhs\AppData\Local\Programs\LM Studio\LM Studio.exe.FriendlyAppName","HKCU:\SOFTWARE\Classes\Local Settings\Software\Microsoft\Windows\Shell\MuiCache","LM Studio","Info","Medium"
"2026-06-05 15:50:37","RegistryScan","RegistryArtifact","RegistryEntry","C:\Users\Bruhs\AppData\Local\Programs\LM Studio\LM Studio.exe.ApplicationCompany","HKCU:\SOFTWARE\Classes\Local Settings\Software\Microsoft\Windows\Shell\MuiCache","LM Studio","Info","Medium"
"2026-06-05 15:50:37","RegistryScan","RegistryArtifact","RegistryEntry","C:\ToolsJTC\ProcessExplorer\procexp64.exe.FriendlyAppName","HKCU:\SOFTWARE\Classes\Local Settings\Software\Microsoft\Windows\Shell\MuiCache","Sysinternals Process Explorer","Info","Medium"
"2026-06-05 15:50:37","RegistryScan","RegistryArtifact","RegistryEntry","C:\ToolsJTC\ProcessExplorer\procexp64.exe.ApplicationCompany","HKCU:\SOFTWARE\Classes\Local Settings\Software\Microsoft\Windows\Shell\MuiCache","Sysinternals - www.sysinternals.com","Info","Medium"
"2026-06-05 15:50:37","RegistryScan","RegistryArtifact","RegistryEntry","C:\Program Files\SteelSeries\GG\SteelSeriesGGClient.exe.FriendlyAppName","HKCU:\SOFTWARE\Classes\Local Settings\Software\Microsoft\Windows\Shell\MuiCache","SteelSeries GG Client","Info","Medium"
"2026-06-05 15:50:37","RegistryScan","RegistryArtifact","RegistryEntry","C:\Program Files\SteelSeries\GG\SteelSeriesGGClient.exe.ApplicationCompany","HKCU:\SOFTWARE\Classes\Local Settings\Software\Microsoft\Windows\Shell\MuiCache","SteelSeries A/S","Info","Medium"
"2026-06-05 15:50:37","RegistryScan","RegistryArtifact","RegistryEntry","C:\ToolsJTC\WinObj\Winobj.exe.FriendlyAppName","HKCU:\SOFTWARE\Classes\Local Settings\Software\Microsoft\Windows\Shell\MuiCache","Sysinternals WinObj","Info","Medium"
"2026-06-05 15:50:37","RegistryScan","RegistryArtifact","RegistryEntry","C:\ToolsJTC\WinObj\Winobj.exe.ApplicationCompany","HKCU:\SOFTWARE\Classes\Local Settings\Software\Microsoft\Windows\Shell\MuiCache","Sysinternals - www.sysinternals.com","Info","Medium"
"2026-06-05 15:50:37","RegistryScan","RegistryArtifact","RegistryEntry","C:\ToolsJTC\Autoruns\Autoruns.exe.FriendlyAppName","HKCU:\SOFTWARE\Classes\Local Settings\Software\Microsoft\Windows\Shell\MuiCache","Autostart program viewer","Info","Medium"
"2026-06-05 15:50:37","RegistryScan","RegistryArtifact","RegistryEntry","C:\ToolsJTC\Autoruns\Autoruns.exe.ApplicationCompany","HKCU:\SOFTWARE\Classes\Local Settings\Software\Microsoft\Windows\Shell\MuiCache","Sysinternals - www.sysinternals.com","Info","Medium"
"2026-06-05 15:50:37","RegistryScan","RegistryArtifact","RegistryEntry","C:\Users\Bruhs\AppData\Local\Temp\~nsu.tmp\Un_A.exe.FriendlyAppName","HKCU:\SOFTWARE\Classes\Local Settings\Software\Microsoft\Windows\Shell\MuiCache","Discover, download, and run LLMs locally","Info","Medium"
"2026-06-05 15:50:37","RegistryScan","RegistryArtifact","RegistryEntry","C:\Users\Bruhs\AppData\Local\Temp\~nsu.tmp\Un_A.exe.ApplicationCompany","HKCU:\SOFTWARE\Classes\Local Settings\Software\Microsoft\Windows\Shell\MuiCache","LM Studio","Info","Medium"
"2026-06-05 15:50:37","RegistryScan","RegistryArtifact","RegistryEntry","C:\Users\Bruhs\Downloads\CapCut_7646584533655175199_installer.exe.FriendlyAppName","HKCU:\SOFTWARE\Classes\Local Settings\Software\Microsoft\Windows\Shell\MuiCache","CapCut_7646584533655175199_installer.exe","Info","Medium"
"2026-06-05 15:50:37","RegistryScan","RegistryArtifact","RegistryEntry","C:\Users\Bruhs\AppData\Local\CapCut\Apps\8.7.0.3685\CapCut.exe.FriendlyAppName","HKCU:\SOFTWARE\Classes\Local Settings\Software\Microsoft\Windows\Shell\MuiCache","CapCut.exe","Info","Medium"
"2026-06-05 15:50:37","RegistryScan","RegistryArtifact","RegistryEntry","C:\Users\Bruhs\AppData\Local\CapCut\Apps\8.7.0.3685\CapCut.exe.ApplicationCompany","HKCU:\SOFTWARE\Classes\Local Settings\Software\Microsoft\Windows\Shell\MuiCache","ByteDance","Info","Medium"
"2026-06-05 15:50:37","RegistryScan","RegistryArtifact","RegistryEntry","C:\Users\Bruhs\AppData\Local\Discord\app-1.0.9239\Discord.exe.FriendlyAppName","HKCU:\SOFTWARE\Classes\Local Settings\Software\Microsoft\Windows\Shell\MuiCache","Discord","Info","Medium"
"2026-06-05 15:50:37","RegistryScan","RegistryArtifact","RegistryEntry","C:\Users\Bruhs\AppData\Local\Discord\app-1.0.9239\Discord.exe.ApplicationCompany","HKCU:\SOFTWARE\Classes\Local Settings\Software\Microsoft\Windows\Shell\MuiCache","Discord Inc.","Info","Medium"
"2026-06-05 15:50:37","RegistryScan","RegistryArtifact","RegistryEntry","C:\Windows\System32\SystemPropertiesPerformance.exe.FriendlyAppName","HKCU:\SOFTWARE\Classes\Local Settings\Software\Microsoft\Windows\Shell\MuiCache","Change Computer Performance Settings","Info","Medium"
"2026-06-05 15:50:37","RegistryScan","RegistryArtifact","RegistryEntry","C:\Windows\System32\SystemPropertiesPerformance.exe.ApplicationCompany","HKCU:\SOFTWARE\Classes\Local Settings\Software\Microsoft\Windows\Shell\MuiCache","Microsoft Corporation","Info","Medium"
"2026-06-05 15:50:37","RegistryScan","RegistryArtifact","RegistryEntry","C:\ToolsETA\ProcessExplorer\procexp64.exe.FriendlyAppName","HKCU:\SOFTWARE\Classes\Local Settings\Software\Microsoft\Windows\Shell\MuiCache","Sysinternals Process Explorer","Info","Medium"
"2026-06-05 15:50:37","RegistryScan","RegistryArtifact","RegistryEntry","C:\ToolsETA\ProcessExplorer\procexp64.exe.ApplicationCompany","HKCU:\SOFTWARE\Classes\Local Settings\Software\Microsoft\Windows\Shell\MuiCache","Sysinternals - www.sysinternals.com","Info","Medium"
"2026-06-05 15:50:37","RegistryScan","RegistryArtifact","RegistryEntry","C:\Users\Bruhs\AppData\Local\Temp\nsfF18E.tmp\AMDBugReportForm.exe.FriendlyAppName","HKCU:\SOFTWARE\Classes\Local Settings\Software\Microsoft\Windows\Shell\MuiCache","AMD Bug Report Tool","Info","Medium"
"2026-06-05 15:50:37","RegistryScan","RegistryArtifact","RegistryEntry","C:\Users\Bruhs\AppData\Local\Temp\nsfF18E.tmp\AMDBugReportForm.exe.ApplicationCompany","HKCU:\SOFTWARE\Classes\Local Settings\Software\Microsoft\Windows\Shell\MuiCache","Advanced Micro Devices, Inc.","Info","Medium"
"2026-06-05 15:50:37","RegistryScan","RegistryArtifact","RegistryEntry","C:\AMD\AMD-Software-Installer\Bin64\AMDSoftwareInstaller.exe.FriendlyAppName","HKCU:\SOFTWARE\Classes\Local Settings\Software\Microsoft\Windows\Shell\MuiCache","AMD Software","Info","Medium"
"2026-06-05 15:50:37","RegistryScan","RegistryArtifact","RegistryEntry","C:\AMD\AMD-Software-Installer\Bin64\AMDSoftwareInstaller.exe.ApplicationCompany","HKCU:\SOFTWARE\Classes\Local Settings\Software\Microsoft\Windows\Shell\MuiCache","Advanced Micro Devices, Inc.","Info","Medium"
"2026-06-05 15:50:37","RegistryScan","RegistryArtifact","RegistryEntry","C:\Users\Bruhs\Downloads\whql-amd-software-adrenalin-edition-26.6.1-win11-b.exe.FriendlyAppName","HKCU:\SOFTWARE\Classes\Local Settings\Software\Microsoft\Windows\Shell\MuiCache","AMD Software: Adrenalin Edition","Info","Medium"
"2026-06-05 15:50:37","RegistryScan","RegistryArtifact","RegistryEntry","C:\Users\Bruhs\Downloads\whql-amd-software-adrenalin-edition-26.6.1-win11-b.exe.ApplicationCompany","HKCU:\SOFTWARE\Classes\Local Settings\Software\Microsoft\Windows\Shell\MuiCache","Advanced Micro Devices, Inc.","Info","Medium"
"2026-06-05 15:50:37","RegistryScan","RegistryArtifact","RegistryEntry","C:\Users\Bruhs\AppData\Local\Temp\nsk21D7.tmp\AMDBugReportForm.exe.FriendlyAppName","HKCU:\SOFTWARE\Classes\Local Settings\Software\Microsoft\Windows\Shell\MuiCache","AMD Bug Report Tool","Info","Medium"
"2026-06-05 15:50:37","RegistryScan","RegistryArtifact","RegistryEntry","C:\Users\Bruhs\AppData\Local\Temp\nsk21D7.tmp\AMDBugReportForm.exe.ApplicationCompany","HKCU:\SOFTWARE\Classes\Local Settings\Software\Microsoft\Windows\Shell\MuiCache","Advanced Micro Devices, Inc.","Info","Medium"
"2026-06-05 15:50:37","RegistryScan","RegistryArtifact","RegistryEntry","C:\Users\Bruhs\AppData\Local\SquirrelTemp\Update.exe.FriendlyAppName","HKCU:\SOFTWARE\Classes\Local Settings\Software\Microsoft\Windows\Shell\MuiCache","Update","Info","Medium"
"2026-06-05 15:50:37","RegistryScan","RegistryArtifact","RegistryEntry","C:\Users\Bruhs\AppData\Local\SquirrelTemp\Update.exe.ApplicationCompany","HKCU:\SOFTWARE\Classes\Local Settings\Software\Microsoft\Windows\Shell\MuiCache","GitHub","Info","Medium"
"2026-06-05 15:50:37","RegistryScan","RegistryArtifact","RegistryEntry","C:\Users\Bruhs\AppData\Local\GitHubDesktop\app-3.5.12\GitHubDesktop.exe.FriendlyAppName","HKCU:\SOFTWARE\Classes\Local Settings\Software\Microsoft\Windows\Shell\MuiCache","GitHubDesktop.exe","Info","Medium"
"2026-06-05 15:50:37","RegistryScan","RegistryArtifact","RegistryEntry","C:\Users\Bruhs\AppData\Local\GitHubDesktop\app-3.5.12\GitHubDesktop.exe.ApplicationCompany","HKCU:\SOFTWARE\Classes\Local Settings\Software\Microsoft\Windows\Shell\MuiCache","GitHub, Inc.","Info","Medium"
"2026-06-05 15:50:37","RegistryScan","RegistryArtifact","RegistryEntry","C:\Users\Bruhs\Downloads\GitHubDesktopSetup-x64.exe.FriendlyAppName","HKCU:\SOFTWARE\Classes\Local Settings\Software\Microsoft\Windows\Shell\MuiCache","Simple collaboration from your desktop","Info","Medium"
"2026-06-05 15:50:37","RegistryScan","RegistryArtifact","RegistryEntry","C:\Users\Bruhs\Downloads\GitHubDesktopSetup-x64.exe.ApplicationCompany","HKCU:\SOFTWARE\Classes\Local Settings\Software\Microsoft\Windows\Shell\MuiCache","GitHub, Inc.","Info","Medium"
"2026-06-05 15:50:37","RegistryScan","RegistryArtifact","RegistryEntry","C:\Users\Bruhs\Downloads\OpenCode Desktop Installer.exe.FriendlyAppName","HKCU:\SOFTWARE\Classes\Local Settings\Software\Microsoft\Windows\Shell\MuiCache","OpenCode Desktop Installer.exe","Info","Medium"
"2026-06-05 15:50:37","RegistryScan","RegistryArtifact","RegistryEntry","C:\Users\Bruhs\Downloads\OpenCode Desktop Installer.exe.ApplicationCompany","HKCU:\SOFTWARE\Classes\Local Settings\Software\Microsoft\Windows\Shell\MuiCache","OpenCode","Info","Medium"
"2026-06-05 15:50:37","RegistryScan","RegistryArtifact","RegistryEntry","C:\users\bruhs\appdata\local\programs\@opencode-aidesktop\opencode.exe.FriendlyAppName","HKCU:\SOFTWARE\Classes\Local Settings\Software\Microsoft\Windows\Shell\MuiCache","OpenCode","Info","Medium"
"2026-06-05 15:50:37","RegistryScan","RegistryArtifact","RegistryEntry","C:\users\bruhs\appdata\local\programs\@opencode-aidesktop\opencode.exe.ApplicationCompany","HKCU:\SOFTWARE\Classes\Local Settings\Software\Microsoft\Windows\Shell\MuiCache","OpenCode","Info","Medium"
"2026-06-05 15:50:37","RegistryScan","RegistryArtifact","RegistryEntry","C:\ProgramData\Package Cache\{e7a7b1c1-36dd-4cae-bfcb-8bc676ab68c3}\PowerShell-7.5.4-win-x64.exe.FriendlyAppName","HKCU:\SOFTWARE\Classes\Local Settings\Software\Microsoft\Windows\Shell\MuiCache","PowerShell 7.5.4.0-x64","Info","Medium"
"2026-06-05 15:50:37","RegistryScan","RegistryArtifact","RegistryEntry","C:\ProgramData\Package Cache\{e7a7b1c1-36dd-4cae-bfcb-8bc676ab68c3}\PowerShell-7.5.4-win-x64.exe.ApplicationCompany","HKCU:\SOFTWARE\Classes\Local Settings\Software\Microsoft\Windows\Shell\MuiCache","Microsoft Corporation","Info","Medium"
"2026-06-05 15:50:37","RegistryScan","RegistryArtifact","RegistryEntry","C:\Users\Bruhs\AppData\Local\Discord\app-1.0.9240\Discord.exe.FriendlyAppName","HKCU:\SOFTWARE\Classes\Local Settings\Software\Microsoft\Windows\Shell\MuiCache","Discord","Info","Medium"
"2026-06-05 15:50:37","RegistryScan","RegistryArtifact","RegistryEntry","C:\Users\Bruhs\AppData\Local\Discord\app-1.0.9240\Discord.exe.ApplicationCompany","HKCU:\SOFTWARE\Classes\Local Settings\Software\Microsoft\Windows\Shell\MuiCache","Discord Inc.","Info","Medium"
"2026-06-05 15:50:37","RegistryScan","RegistryArtifact","RegistryEntry","C:\AMD\AMDSoftwareInstaller\amd-software-adrenalin-edition-26.6.1-minimalsetup-260601_64bit\Bin64\AMDSoftwareInstaller.exe.FriendlyAppName","HKCU:\SOFTWARE\Classes\Local Settings\Software\Microsoft\Windows\Shell\MuiCache","AMD Software","Info","Medium"
"2026-06-05 15:50:37","RegistryScan","RegistryArtifact","RegistryEntry","C:\AMD\AMDSoftwareInstaller\amd-software-adrenalin-edition-26.6.1-minimalsetup-260601_64bit\Bin64\AMDSoftwareInstaller.exe.ApplicationCompany","HKCU:\SOFTWARE\Classes\Local Settings\Software\Microsoft\Windows\Shell\MuiCache","Advanced Micro Devices, Inc.","Info","Medium"
"2026-06-05 15:50:37","RegistryScan","RegistryArtifact","RegistryEntry","C:\Users\Bruhs\AppData\Local\@opencode-aidesktop-updater\pending\opencode-desktop-win-x64.exe.FriendlyAppName","HKCU:\SOFTWARE\Classes\Local Settings\Software\Microsoft\Windows\Shell\MuiCache","opencode-desktop-win-x64.exe","Info","Medium"
"2026-06-05 15:50:37","RegistryScan","RegistryArtifact","RegistryEntry","C:\Users\Bruhs\AppData\Local\@opencode-aidesktop-updater\pending\opencode-desktop-win-x64.exe.ApplicationCompany","HKCU:\SOFTWARE\Classes\Local Settings\Software\Microsoft\Windows\Shell\MuiCache","OpenCode","Info","Medium"
"2026-06-05 15:50:37","RegistryScan","RegistryArtifact","RegistryEntry","SM600 Mouse Software","HKCU:\SOFTWARE\Microsoft\Windows\CurrentVersion\Run","C:\Program Files (x86)\SM600 Mouse Software\DeviceDriver.exe -hide","Info","Medium"
"2026-06-05 15:50:37","RegistryScan","RegistryArtifact","RegistryEntry","Overwolf","HKCU:\SOFTWARE\Microsoft\Windows\CurrentVersion\Run","C:\Program Files (x86)\Overwolf\OverwolfLauncher.exe -overwolfsilent","Info","Medium"
"2026-06-05 15:50:37","RegistryScan","RegistryArtifact","RegistryEntry","Discord","HKCU:\SOFTWARE\Microsoft\Windows\CurrentVersion\Run","""C:\Users\Bruhs\AppData\Local\Discord\Update.exe"" --processStart Discord.exe","Info","Medium"
"2026-06-05 15:50:37","RegistryScan","RegistryArtifact","RegistryEntry","AMDNoiseSuppression","HKCU:\SOFTWARE\Microsoft\Windows\CurrentVersion\Run","""C:\WINDOWS\system32\AMD\ANR\AMDNoiseSuppression.exe""","Info","Medium"
"2026-06-05 15:50:37","RegistryScan","RegistryArtifact","RegistryEntry","RiotClient","HKCU:\SOFTWARE\Microsoft\Windows\CurrentVersion\Run","C:\Riot Games\Riot Client\RiotClientServices.exe --launch-background-mode","Info","Medium"
"2026-06-05 15:50:37","RegistryScan","RegistryArtifact","RegistryEntry","electron.app.LM Studio","HKCU:\SOFTWARE\Microsoft\Windows\CurrentVersion\Run","C:\Users\Bruhs\AppData\Local\Programs\LM Studio\LM Studio.exe --run-as-service","Info","Medium"
"2026-06-05 15:50:37","RegistryScan","RegistryArtifact","RegistryEntry","RtkAudUService","HKLM:\SOFTWARE\Microsoft\Windows\CurrentVersion\Run","""C:\WINDOWS\System32\DriverStore\FileRepository\realtekservice.inf_amd64_352a59906845eb94\RtkAudUService64.exe"" -background","Info","Medium"
"2026-06-05 15:50:37","RegistryScan","RegistryArtifact","RegistryEntry","SteelSeriesGG","HKLM:\SOFTWARE\Microsoft\Windows\CurrentVersion\Run","""C:\Program Files\SteelSeries\GG\SteelSeriesGG.exe"" -dataPath=""C:\ProgramData\SteelSeries\GG"" -dbEnv=production -auto=true","Info","Medium"
"2026-06-05 15:50:37","RegistryScan","RegistryArtifact","RegistryEntry","Greenshot","HKLM:\SOFTWARE\Microsoft\Windows\CurrentVersion\Run","""C:\Program Files\Greenshot\Greenshot.exe""","Info","Medium"
"2026-06-05 15:50:37","RegistryScan","RegistryArtifact","RegistryEntry","CloudflareWARP","HKLM:\SOFTWARE\Microsoft\Windows\CurrentVersion\Run","C:\Program Files\Cloudflare\Cloudflare WARP\Cloudflare WARP.exe","Info","Medium"
"2026-06-05 15:50:37","RegistryScan","RegistryArtifact","RegistryEntry","Riot Vanguard","HKLM:\SOFTWARE\Microsoft\Windows\CurrentVersion\Run","""C:\Program Files\Riot Vanguard\vgtray.exe""","Info","Medium"
"2026-06-05 15:50:37","DefenderThreatHistory","Security","Threat","SettingsModifier:Win32/PossibleHostsFileHijack","","Medium / Unknown","Medium","High"
"2026-06-05 15:50:37","DefenderThreatHistory","Security","Threat","PUA:Win32/Softcnapp","","Low / Unknown","Low","High"
"2026-06-05 15:50:37","DefenderThreatHistory","Security","Threat","PUA:Win32/Vigua.A","","Low / Unknown","Low","High"
"2026-06-05 15:50:37","DefenderThreatHistory","Security","Threat","Program:Win32/Wacapew.C!ml","","Severe / Unknown","Severe","High"
"2026-06-05 15:50:37","DefenderThreatHistory","Security","Threat","PUA:Win32/Packunwan","","Low / Unknown","Low","High"
"2026-06-05 15:50:37","DefenderThreatHistory","Security","Threat","Adware:Win32/Multiverze","","Severe / Unknown","Severe","High"
"2026-06-05 15:50:37","DefenderThreatHistory","Security","Threat","Trojan:Win32/Vigorf.A","","Info / Unknown","Info","High"
"2026-06-05 15:50:37","DefenderThreatHistory","Security","Threat","Trojan:Script/Wacatac.B!ml","","Info / Unknown","Info","High"
"2026-06-05 15:50:37","DefenderThreatHistory","Security","Threat","Trojan:Win32/Wacatac.B!ml","","Info / Unknown","Info","High"
"2026-06-05 15:50:37","DefenderThreatHistory","Security","Threat","Trojan:Win32/Conteban.A!ml","","Info / Unknown","Info","High"
"2026-06-05 15:50:37","DefenderThreatHistory","Security","Threat","VirTool:Win32/DefenderTamperingRestore","","Info / Unknown","Info","High"
"2026-06-05 15:50:37","DefenderThreatHistory","Security","Threat","Trojan:MSIL/Malgent!MSR","","Info / Unknown","Info","High"
"2026-06-05 15:50:37","DefenderThreatHistory","Security","Threat","Trojan:Win32/Phonzy.A!ml","","Info / Unknown","Info","High"
"2026-06-05 15:50:37","DefenderThreatHistory","Security","Threat","Trojan:Win32/Phonzy.B!ml","","Info / Unknown","Info","High"
"2026-06-05 15:50:37","DefenderThreatHistory","Security","Threat","Trojan:Win32/Sabsik.FL.A!ml","","Info / Unknown","Info","High"
"2026-06-05 15:50:37","DefenderThreatHistory","Security","Threat","Trojan:Win32/Wacatac.H!ml","","Info / Unknown","Info","High"
"2026-06-05 15:50:37","DefenderThreatHistory","Security","Threat","Trojan:Win32/Commando.A!ml","","Info / Unknown","Info","High"
"2026-06-05 15:50:37","DefenderThreatHistory","Security","Threat","Trojan:MSIL/Heracles.Z!MTB","","Info / Unknown","Info","High"
"2026-06-05 15:50:37","DefenderThreatHistory","Security","Threat","VulnerableDriver:WinNT/Winring0","","Info / Unknown","Info","High"
"2026-06-05 15:50:37","DefenderThreatHistory","Security","Threat","Trojan:Win32/Kepavll!rfn","","Info / Unknown","Info","High"
"2026-06-05 15:50:37","DefenderThreatHistory","Security","Threat","VulnerableDriver:WinNT/Winring0.G","","Info / Unknown","Info","High"
"2026-06-05 15:50:37","DefenderThreatHistory","Security","Threat","HackTool:BAT/AutoKMS.G!MSR","","Severe / Unknown","Severe","High"
"2026-06-05 15:50:37","Peripherals","HardwareDetection","PeripheralDevice","SteelSeries Device","","SteelSeries ApS","Info","Medium"
"2026-06-05 15:50:37","Peripherals","HardwareDetection","PeripheralDevice","SteelSeries Device","","SteelSeries ApS","Info","Medium"
"2026-06-05 15:50:37","Peripherals","HardwareDetection","PeripheralSoftware","SteelSeries Software","","SteelSeries","Info","Medium"
"2026-06-05 15:50:39","Hardware","SystemInformation","CPU","CPU Model","","AMD Ryzen 5 7600X 6-Core Processor             ","Info","High"
"2026-06-05 15:50:39","Hardware","SystemInformation","GPU","GPU Model","","AMD Radeon RX 7600","Info","High"
"2026-06-05 15:50:39","Hardware","SystemSecurity","MemoryIntegrity","Memory Integrity","","Enabled","Info","High"
"2026-06-05 15:50:39","Hardware","SystemSecurity","PowerShellSignature","PowerShell Signature","","Valid","Info","High"
